created_at,comment_uuid,type,entity_uuid,user_id,sort_key,movie_name,lang,parent_uuid,replies,text,updated_at,reply_count,comment_id,spoiler_count,image,report_count,entity_type,tenant,inappropriate_count,uuid,is_spoiler,like_count,expires_at,last_read
2024-11-06 17:39:35,009e369b-9089-45a4-9fe1-b82ffe61fe0f,like,e6e1d0b2-99f1-4fe0-831e-9809d1af6868,75184478,like-009e369b-9089-45a4-9fe1-b82ffe61fe0f-75184478,,,,,,,,,,,,,,,,,,,
2024-10-08 04:43:13,05800320-b252-47b4-b855-ef648a0e27e0,like,a6364841-bac2-45c4-b942-9297828de655,75184478,like-05800320-b252-47b4-b855-ef648a0e27e0-75184478,,,,,,,,,,,,,,,,,,,
2024-09-17 16:12:56,06115975-d87a-4a79-900c-83cbd3b63666,like,f73b9871-3a6b-4c9e-b883-d2af0b1460a7,75184478,like-06115975-d87a-4a79-900c-83cbd3b63666-75184478,,,,,,,,,,,,,,,,,,,
2024-11-05 07:42:00,0f39f0e9-078d-424d-8df6-771ada26ff0a,like,77a7c8a8-affe-40b3-a24a-eb425dba43d9,75184478,like-0f39f0e9-078d-424d-8df6-771ada26ff0a-75184478,,,,,,,,,,,,,,,,,,,
2024-10-12 18:06:30,15137bc3-dd8a-4a54-88ce-c33194c336dd,like,45c1e773-80d2-422c-a502-29cbd6226039,75184478,like-15137bc3-dd8a-4a54-88ce-c33194c336dd-75184478,,,,,,,,,,,,,,,,,,,
2024-11-06 17:40:41,15e4167b-fa29-4915-8f57-c46320f43eb2,like,e6e1d0b2-99f1-4fe0-831e-9809d1af6868,75184478,like-15e4167b-fa29-4915-8f57-c46320f43eb2-75184478,,,,,,,,,,,,,,,,,,,
2024-11-25 17:10:18,17e7febf-70ec-4a29-a484-0dd789a64d1b,like,1989cfa4-418e-4edc-ab7e-4b7720247334,75184478,like-17e7febf-70ec-4a29-a484-0dd789a64d1b-75184478,,,,,,,,,,,,,,,,,,,
2024-11-06 03:09:55,1920a665-997d-45b6-844e-95801500508a,like,e29f3c56-443f-498e-b675-8934537522be,75184478,like-1920a665-997d-45b6-844e-95801500508a-75184478,,,,,,,,,,,,,,,,,,,
2024-11-06 18:20:30,1c33dc1e-ea06-4d92-93f5-74132d8eb570,like,67ed92a7-557e-4c1c-b62e-ee9fa5af7f35,75184478,like-1c33dc1e-ea06-4d92-93f5-74132d8eb570-75184478,,,,,,,,,,,,,,,,,,,
2024-09-20 15:07:11,233e7a5c-e2eb-4496-91d8-ba733db7856f,like,38ca860f-1353-4152-b627-937173871191,75184478,like-233e7a5c-e2eb-4496-91d8-ba733db7856f-75184478,,,,,,,,,,,,,,,,,,,
2024-11-25 17:10:08,25064133-8538-46ca-ae73-f835b3eeb297,like,1989cfa4-418e-4edc-ab7e-4b7720247334,75184478,like-25064133-8538-46ca-ae73-f835b3eeb297-75184478,,,,,,,,,,,,,,,,,,,
2024-09-16 12:36:20,29d287db-ac4d-4a7c-9c9d-517cc7112bb1,like,54bcfd1f-7362-4369-93a8-c19d3064ba27,75184478,like-29d287db-ac4d-4a7c-9c9d-517cc7112bb1-75184478,,,,,,,,,,,,,,,,,,,
2024-12-29 06:48:08,2b8210bf-d08e-42df-a1e0-08aeabecc46a,like,eda121b1-bc31-4879-842f-81b750c2c85d,75184478,like-2b8210bf-d08e-42df-a1e0-08aeabecc46a-75184478,,,,,,,,,,,,,,,,,,,
2024-11-07 09:57:51,2c669520-1e97-4394-b4b5-78a08b6f9cf5,like,e49d5f5a-c7f0-4d42-89ac-57d07212fef1,75184478,like-2c669520-1e97-4394-b4b5-78a08b6f9cf5-75184478,,,,,,,,,,,,,,,,,,,
2024-11-06 17:39:22,2ce07da6-fe38-4561-a16b-90f1b7f1967d,like,e6e1d0b2-99f1-4fe0-831e-9809d1af6868,75184478,like-2ce07da6-fe38-4561-a16b-90f1b7f1967d-75184478,,,,,,,,,,,,,,,,,,,
2025-01-05 02:00:14,361a2a94-4f03-4406-868a-b0b7d3693d2c,like,d71cfc66-8323-4080-b9fe-30043e066cf3,75184478,like-361a2a94-4f03-4406-868a-b0b7d3693d2c-75184478,,,,,,,,,,,,,,,,,,,
2024-11-07 09:59:13,3a1232f6-391d-4d4e-8a53-9ba0536288f3,like,3bbfe738-8573-4cb0-8d38-6ac4272661fd,75184478,like-3a1232f6-391d-4d4e-8a53-9ba0536288f3-75184478,,,,,,,,,,,,,,,,,,,
2024-09-16 12:36:57,3b99a8b6-02b6-4fbc-bc7c-bcef88496665,like,54bcfd1f-7362-4369-93a8-c19d3064ba27,75184478,like-3b99a8b6-02b6-4fbc-bc7c-bcef88496665-75184478,,,,,,,,,,,,,,,,,,,
2024-11-06 17:39:45,3bb4c000-2f99-4e97-ac16-2c549f239e80,like,e6e1d0b2-99f1-4fe0-831e-9809d1af6868,75184478,like-3bb4c000-2f99-4e97-ac16-2c549f239e80-75184478,,,,,,,,,,,,,,,,,,,
2024-11-07 09:57:39,3be6f746-59e1-406e-9221-47e99a88ffd9,like,e49d5f5a-c7f0-4d42-89ac-57d07212fef1,75184478,like-3be6f746-59e1-406e-9221-47e99a88ffd9-75184478,,,,,,,,,,,,,,,,,,,
2024-11-05 07:42:08,4228f37e-7a77-42ca-a303-a32ad3a0a8f1,like,77a7c8a8-affe-40b3-a24a-eb425dba43d9,75184478,like-4228f37e-7a77-42ca-a303-a32ad3a0a8f1-75184478,,,,,,,,,,,,,,,,,,,
2024-09-17 16:11:48,48ee5d56-55a3-4e39-8592-0ec6fb8812be,like,f73b9871-3a6b-4c9e-b883-d2af0b1460a7,75184478,like-48ee5d56-55a3-4e39-8592-0ec6fb8812be-75184478,,,,,,,,,,,,,,,,,,,
2024-10-12 18:06:41,4c87175a-dae4-4b0d-9761-39015b99a4a2,like,45c1e773-80d2-422c-a502-29cbd6226039,75184478,like-4c87175a-dae4-4b0d-9761-39015b99a4a2-75184478,,,,,,,,,,,,,,,,,,,
2024-09-16 12:35:59,4d554760-a662-414f-9d1d-36266e83c866,like,54bcfd1f-7362-4369-93a8-c19d3064ba27,75184478,like-4d554760-a662-414f-9d1d-36266e83c866-75184478,,,,,,,,,,,,,,,,,,,
2024-10-12 07:28:26,4fefaf67-5c21-4d75-b463-304725891419,like,3b02f60b-d8dc-4f0d-ad5d-691284edc5bc,75184478,like-4fefaf67-5c21-4d75-b463-304725891419-75184478,,,,,,,,,,,,,,,,,,,
2024-11-07 09:57:48,51384516-d119-47ae-8f00-de05bca75577,like,e49d5f5a-c7f0-4d42-89ac-57d07212fef1,75184478,like-51384516-d119-47ae-8f00-de05bca75577-75184478,,,,,,,,,,,,,,,,,,,
2024-11-06 18:20:28,55f309f1-9726-4c53-a3b2-646ceebea58a,like,67ed92a7-557e-4c1c-b62e-ee9fa5af7f35,75184478,like-55f309f1-9726-4c53-a3b2-646ceebea58a-75184478,,,,,,,,,,,,,,,,,,,
2024-09-14 17:17:16,59d3ee4d-4d8e-45ae-84f9-803c5adb6d8c,like,41d04485-d66c-4f64-84f2-cc2c6db38b9f,75184478,like-59d3ee4d-4d8e-45ae-84f9-803c5adb6d8c-75184478,,,,,,,,,,,,,,,,,,,
2024-09-16 12:36:57,5d24e557-9c33-49ed-ace7-439832620211,like,54bcfd1f-7362-4369-93a8-c19d3064ba27,75184478,like-5d24e557-9c33-49ed-ace7-439832620211-75184478,,,,,,,,,,,,,,,,,,,
2024-10-12 07:27:48,5fe62dd6-81a3-42b4-bf34-fa401cc5446b,like,3b02f60b-d8dc-4f0d-ad5d-691284edc5bc,75184478,like-5fe62dd6-81a3-42b4-bf34-fa401cc5446b-75184478,,,,,,,,,,,,,,,,,,,
2024-09-20 15:07:44,6436a1ef-9cd1-4cf7-9d8d-e64b7e114696,like,38ca860f-1353-4152-b627-937173871191,75184478,like-6436a1ef-9cd1-4cf7-9d8d-e64b7e114696-75184478,,,,,,,,,,,,,,,,,,,
2024-11-06 17:24:23,724c23a2-d4ad-47d6-90e0-18ad82a20a88,like,3ec8b498-1cc6-403b-9833-8d388fd38e3e,75184478,like-724c23a2-d4ad-47d6-90e0-18ad82a20a88-75184478,,,,,,,,,,,,,,,,,,,
2025-01-11 17:24:59,72a8babe-123f-4907-8d81-65507175de49,like,ed6c50f0-a090-4073-8beb-6ba5dd21f69f,75184478,like-72a8babe-123f-4907-8d81-65507175de49-75184478,,,,,,,,,,,,,,,,,,,
2024-10-12 04:55:11,72d329b7-5d30-465b-8b8d-e4d5029642fc,like,94854686-0cb5-4244-933d-c3a5ba371022,75184478,like-72d329b7-5d30-465b-8b8d-e4d5029642fc-75184478,,,,,,,,,,,,,,,,,,,
2024-09-14 17:17:35,73b80e9b-08d7-4f96-b722-9eecf3b74fc5,like,41d04485-d66c-4f64-84f2-cc2c6db38b9f,75184478,like-73b80e9b-08d7-4f96-b722-9eecf3b74fc5-75184478,,,,,,,,,,,,,,,,,,,
2024-11-06 17:39:17,76dd4711-9699-4a44-8301-b110da26d0d1,like,e6e1d0b2-99f1-4fe0-831e-9809d1af6868,75184478,like-76dd4711-9699-4a44-8301-b110da26d0d1-75184478,,,,,,,,,,,,,,,,,,,
2024-11-06 18:20:16,7e3c7924-2bb7-4f78-a966-55395a3f3765,like,67ed92a7-557e-4c1c-b62e-ee9fa5af7f35,75184478,like-7e3c7924-2bb7-4f78-a966-55395a3f3765-75184478,,,,,,,,,,,,,,,,,,,
2024-10-12 07:27:39,83b0cb3a-7114-46c3-a61f-281b658e507b,like,3b02f60b-d8dc-4f0d-ad5d-691284edc5bc,75184478,like-83b0cb3a-7114-46c3-a61f-281b658e507b-75184478,,,,,,,,,,,,,,,,,,,
2024-11-07 09:58:56,84e89d25-81c9-4087-9094-cf451d5dd4f8,like,3bbfe738-8573-4cb0-8d38-6ac4272661fd,75184478,like-84e89d25-81c9-4087-9094-cf451d5dd4f8-75184478,,,,,,,,,,,,,,,,,,,
2024-09-14 17:18:30,8b146347-a085-4dbf-b750-54e55fd3034a,like,41d04485-d66c-4f64-84f2-cc2c6db38b9f,75184478,like-8b146347-a085-4dbf-b750-54e55fd3034a-75184478,,,,,,,,,,,,,,,,,,,
2024-09-14 17:17:27,8e61efc1-9eb6-46aa-9541-127c34cf4f93,like,41d04485-d66c-4f64-84f2-cc2c6db38b9f,75184478,like-8e61efc1-9eb6-46aa-9541-127c34cf4f93-75184478,,,,,,,,,,,,,,,,,,,
2024-11-06 17:40:50,91273bcb-f2d0-4612-aa56-4bc806b730dc,like,e6e1d0b2-99f1-4fe0-831e-9809d1af6868,75184478,like-91273bcb-f2d0-4612-aa56-4bc806b730dc-75184478,,,,,,,,,,,,,,,,,,,
2024-11-14 11:01:45,95b9ba1c-83ff-4554-8fb8-f617aaf2c282,like,80b2b838-40fc-4ec1-b500-d4dd0b6ed20d,75184478,like-95b9ba1c-83ff-4554-8fb8-f617aaf2c282-75184478,,,,,,,,,,,,,,,,,,,
2024-11-06 03:31:57,98da3f5d-e3d6-48bf-a8aa-aa7a5a8fcab5,like,3d0b84a2-6b30-41cd-bb82-32ffdc6b47d7,75184478,like-98da3f5d-e3d6-48bf-a8aa-aa7a5a8fcab5-75184478,,,,,,,,,,,,,,,,,,,
2024-11-05 07:42:39,9d4ecdd0-55b6-4775-be31-114a0284f4fb,like,77a7c8a8-affe-40b3-a24a-eb425dba43d9,75184478,like-9d4ecdd0-55b6-4775-be31-114a0284f4fb-75184478,,,,,,,,,,,,,,,,,,,
2024-09-16 12:35:26,9f3b10bd-4b5e-445e-b100-0e413684cd1d,like,54bcfd1f-7362-4369-93a8-c19d3064ba27,75184478,like-9f3b10bd-4b5e-445e-b100-0e413684cd1d-75184478,,,,,,,,,,,,,,,,,,,
2025-01-05 02:00:23,a4bd7db9-505e-446f-a35e-6ba9fb8b4b41,like,d71cfc66-8323-4080-b9fe-30043e066cf3,75184478,like-a4bd7db9-505e-446f-a35e-6ba9fb8b4b41-75184478,,,,,,,,,,,,,,,,,,,
2024-10-08 04:43:26,a9c78fd2-a109-4f1f-9ff5-9e68df9ca090,like,a6364841-bac2-45c4-b942-9297828de655,75184478,like-a9c78fd2-a109-4f1f-9ff5-9e68df9ca090-75184478,,,,,,,,,,,,,,,,,,,
2024-11-06 17:41:02,ad272b9e-9240-48f8-9be0-d711f3ee2e7c,like,e6e1d0b2-99f1-4fe0-831e-9809d1af6868,75184478,like-ad272b9e-9240-48f8-9be0-d711f3ee2e7c-75184478,,,,,,,,,,,,,,,,,,,
2024-11-07 09:57:41,b1157a25-f486-4676-9ef2-f42fa8a20474,like,e49d5f5a-c7f0-4d42-89ac-57d07212fef1,75184478,like-b1157a25-f486-4676-9ef2-f42fa8a20474-75184478,,,,,,,,,,,,,,,,,,,
2024-11-07 09:58:34,b2b3b351-7216-433b-8dd6-758940ae3a58,like,3bbfe738-8573-4cb0-8d38-6ac4272661fd,75184478,like-b2b3b351-7216-433b-8dd6-758940ae3a58-75184478,,,,,,,,,,,,,,,,,,,
2024-09-26 10:44:23,c4ef3bc1-9536-406a-bca1-12f566df4fcd,like,2eb1847d-b4b8-416b-a939-c19e7c64a010,75184478,like-c4ef3bc1-9536-406a-bca1-12f566df4fcd-75184478,,,,,,,,,,,,,,,,,,,
2024-09-16 12:36:06,ca56482f-3d55-4457-a9f6-46e1d06c40fd,like,54bcfd1f-7362-4369-93a8-c19d3064ba27,75184478,like-ca56482f-3d55-4457-a9f6-46e1d06c40fd-75184478,,,,,,,,,,,,,,,,,,,
2024-11-06 03:09:53,cfd8b744-fcae-4713-90e7-1bdc60c961d8,like,e29f3c56-443f-498e-b675-8934537522be,75184478,like-cfd8b744-fcae-4713-90e7-1bdc60c961d8-75184478,,,,,,,,,,,,,,,,,,,
2024-10-08 04:44:45,cfe3dee1-ae9f-4d6c-8153-354e793fef69,like,f2c388d8-d0d7-4e6c-8896-711c51296cd3,75184478,like-cfe3dee1-ae9f-4d6c-8153-354e793fef69-75184478,,,,,,,,,,,,,,,,,,,
2024-11-05 07:42:26,d1164599-1730-4ce7-82e1-2103d8eae198,like,77a7c8a8-affe-40b3-a24a-eb425dba43d9,75184478,like-d1164599-1730-4ce7-82e1-2103d8eae198-75184478,,,,,,,,,,,,,,,,,,,
2024-10-12 07:27:55,d394284f-dcd2-4740-a861-4a5023d0d394,like,3b02f60b-d8dc-4f0d-ad5d-691284edc5bc,75184478,like-d394284f-dcd2-4740-a861-4a5023d0d394-75184478,,,,,,,,,,,,,,,,,,,
2024-11-05 03:06:01,d63e0c0f-0403-4f15-b3af-e1ebce6082ac,like,740cd424-dcea-4786-befb-9c6e27caa128,75184478,like-d63e0c0f-0403-4f15-b3af-e1ebce6082ac-75184478,劇場版ハイキュー!! ゴミ捨て場の決戦,,,,,,,,,,,,,,,,,,
2024-11-06 17:40:05,d67a3e96-e32f-4354-b29c-42d477955820,like,e6e1d0b2-99f1-4fe0-831e-9809d1af6868,75184478,like-d67a3e96-e32f-4354-b29c-42d477955820-75184478,,,,,,,,,,,,,,,,,,,
2024-09-16 12:36:33,dcafd643-688c-4bcd-9d45-980bb7ebcb32,like,54bcfd1f-7362-4369-93a8-c19d3064ba27,75184478,like-dcafd643-688c-4bcd-9d45-980bb7ebcb32-75184478,,,,,,,,,,,,,,,,,,,
2024-10-12 04:55:16,decf85be-ff8f-40a7-81ea-504b45e7cda3,like,94854686-0cb5-4244-933d-c3a5ba371022,75184478,like-decf85be-ff8f-40a7-81ea-504b45e7cda3-75184478,,,,,,,,,,,,,,,,,,,
2024-09-17 16:08:56,e0b12d9f-a694-4043-96cc-985a81a6b57c,like,f73b9871-3a6b-4c9e-b883-d2af0b1460a7,75184478,like-e0b12d9f-a694-4043-96cc-985a81a6b57c-75184478,,,,,,,,,,,,,,,,,,,
2024-11-07 09:58:32,e13fd5b9-48d2-447c-b04f-c92638f8ab60,like,3bbfe738-8573-4cb0-8d38-6ac4272661fd,75184478,like-e13fd5b9-48d2-447c-b04f-c92638f8ab60-75184478,,,,,,,,,,,,,,,,,,,
2024-11-07 09:59:15,e3099080-bff8-4a47-8561-4e03fee2f524,like,3bbfe738-8573-4cb0-8d38-6ac4272661fd,75184478,like-e3099080-bff8-4a47-8561-4e03fee2f524-75184478,,,,,,,,,,,,,,,,,,,
2024-09-17 15:55:07,e64418e4-fa5d-428a-8128-a573eecb9eb5,like,22b77c0a-28a2-41a5-972c-e11c0078a96e,75184478,like-e64418e4-fa5d-428a-8128-a573eecb9eb5-75184478,,,,,,,,,,,,,,,,,,,
2024-11-06 17:40:22,e71e7270-59c9-4c4c-944d-480f9ad66884,like,e6e1d0b2-99f1-4fe0-831e-9809d1af6868,75184478,like-e71e7270-59c9-4c4c-944d-480f9ad66884-75184478,,,,,,,,,,,,,,,,,,,
2024-11-05 07:42:32,e8851c66-5f10-4299-a36b-9662d5dca2d3,like,77a7c8a8-affe-40b3-a24a-eb425dba43d9,75184478,like-e8851c66-5f10-4299-a36b-9662d5dca2d3-75184478,,,,,,,,,,,,,,,,,,,
2024-12-11 17:10:05,eabd47e5-7f0f-48d9-8b2f-6b216ff8a6e5,like,ff07a778-cf94-4243-a8ca-ec401f51f579,75184478,like-eabd47e5-7f0f-48d9-8b2f-6b216ff8a6e5-75184478,Mangalavaaram,,,,,,,,,,,,,,,,,,
2024-09-20 15:07:35,ee57b139-4750-4bd7-b23e-824fb3540c27,like,38ca860f-1353-4152-b627-937173871191,75184478,like-ee57b139-4750-4bd7-b23e-824fb3540c27-75184478,,,,,,,,,,,,,,,,,,,
2024-11-25 17:10:57,f191dba0-f39a-4c4b-b71d-5c2d5fc3607d,like,1989cfa4-418e-4edc-ab7e-4b7720247334,75184478,like-f191dba0-f39a-4c4b-b71d-5c2d5fc3607d-75184478,,,,,,,,,,,,,,,,,,,
2024-11-06 17:39:07,f4304e81-5e67-473d-8e21-151d2a5b0db3,like,e6e1d0b2-99f1-4fe0-831e-9809d1af6868,75184478,like-f4304e81-5e67-473d-8e21-151d2a5b0db3-75184478,,,,,,,,,,,,,,,,,,,
2024-11-06 17:39:51,f4e143bf-e3a1-4577-a5bb-16ba44303341,like,e6e1d0b2-99f1-4fe0-831e-9809d1af6868,75184478,like-f4e143bf-e3a1-4577-a5bb-16ba44303341-75184478,,,,,,,,,,,,,,,,,,,
2024-10-17 12:35:24,f4f243e0-ec30-4883-9eac-f8a01804d5de,like,815867ea-5342-4aaa-9981-445943f2bfa9,75184478,like-f4f243e0-ec30-4883-9eac-f8a01804d5de-75184478,,,,,,,,,,,,,,,,,,,
2024-10-12 18:06:48,f6a2bdb9-9809-4f60-97a1-05fb57a50447,like,45c1e773-80d2-422c-a502-29cbd6226039,75184478,like-f6a2bdb9-9809-4f60-97a1-05fb57a50447-75184478,,,,,,,,,,,,,,,,,,,
2024-11-06 17:23:39,fdff8201-c1b0-47d1-8b55-2bafdfc90048,like,3ec8b498-1cc6-403b-9833-8d388fd38e3e,75184478,like-fdff8201-c1b0-47d1-8b55-2bafdfc90048-75184478,,,,,,,,,,,,,,,,,,,
2026-01-26 08:01:03,8b5ffb0d-6df1-4ba6-99c3-5a25980a4b91,reply,7bd1fe8e-56ff-4d26-af2b-3a7be07b747c,75184478,reply-8b5ffb0d-6df1-4ba6-99c3-5a25980a4b91-1769414463-8e5d19e5-82e5-4683-b1d7-2fdefe05d1ad,तेरे इश्क़ में,,8b5ffb0d-6df1-4ba6-99c3-5a25980a4b91,,@Meliodas hiii 🤠,2026-01-26 08:01:03,0,,0,,0,movie,tvt,0,8e5d19e5-82e5-4683-b1d7-2fdefe05d1ad,false,0,,
,,,815867ea-5342-4aaa-9981-445943f2bfa9,75184478,user-read-75184478,,,,,,,,,,,,,,,,,,1731760531193893,1729168531193893
,,,22b77c0a-28a2-41a5-972c-e11c0078a96e,75184478,user-read-75184478,,,,,,,,,,,,,,,,,,1729180555713886,1726588555713886
,,,7bd1fe8e-56ff-4d26-af2b-3a7be07b747c,75184478,user-read-75184478,तेरे इश्क़ में,,,,,,,,,,,,,,,,,1772006472245246,1769414472245246
,,,f252f4bc-ea5e-430d-a977-e52a3b9ad2e7,75184478,user-read-75184478,Sarfira,,,,,,,,,,,,,,,,,1738251464157469,1735659464157469
,,,eda121b1-bc31-4879-842f-81b750c2c85d,75184478,user-read-75184478,,,,,,,,,,,,,,,,,,1738046838273893,1735454838273893
,,,38dbb85c-10a1-44d1-a244-26abd9c7dc5a,75184478,user-read-75184478,कभी खुशी कभी ग़म...,,,,,,,,,,,,,,,,,1737994776754022,1735402776754022
,,,e49d5f5a-c7f0-4d42-89ac-57d07212fef1,75184478,user-read-75184478,,,,,,,,,,,,,,,,,,1733565468241104,1730973468241105
,,,754f0320-7404-4495-9ef4-644f962a8669,75184478,user-read-75184478,,,,,,,,,,,,,,,,,,1764199313420540,1761607313420540
,,,5edb6395-fd81-42d4-ac3a-02b7a9ef073f,75184478,user-read-75184478,Raincoat,,,,,,,,,,,,,,,,,1748792934441963,1746200934441963
,,,55d18557-1c76-44cd-b434-f1a0c220e185,75184478,user-read-75184478,,,,,,,,,,,,,,,,,,1737897839751884,1735305839751884
,,,2eb1847d-b4b8-416b-a939-c19e7c64a010,75184478,user-read-75184478,,,,,,,,,,,,,,,,,,1729939431146298,1727347431146298
,,,8aa7f6b6-13db-4547-ad6c-bdf7f9c9cadf,75184478,user-read-75184478,,,,,,,,,,,,,,,,,,1737633897278077,1735041897278077
,,,d95679e5-52e3-4888-9907-b4c0497bf318,75184478,user-read-75184478,,,,,,,,,,,,,,,,,,1731423204577237,1728831204577237
,,,e2f8c099-0aa4-4454-9048-ec0bc6d5311d,75184478,user-read-75184478,,,,,,,,,,,,,,,,,,1766996044218818,1764404044218818
,,,beb89e4a-c44b-4865-b9ac-69ce94899e63,75184478,user-read-75184478,28 Weeks Later,,,,,,,,,,,,,,,,,1749922023610622,1747330023610622
,,,3bbfe738-8573-4cb0-8d38-6ac4272661fd,75184478,user-read-75184478,,,,,,,,,,,,,,,,,,1733565548821850,1730973548821850
,,,060e862a-acc1-4883-97b6-9547eacf044f,75184478,user-read-75184478,,,,,,,,,,,,,,,,,,1731315315203931,1728723315203932
,,,dc5791d9-14d5-4287-9ccd-df31c39d310b,75184478,user-read-75184478,,,,,,,,,,,,,,,,,,1737949909848090,1735357909848090
,,,723adb2a-7006-44ac-b782-ee0f64eee323,75184478,user-read-75184478,,,,,,,,,,,,,,,,,,1767606613625930,1765014613625930
,,,55ceb402-a048-45d0-b92a-6ba21c09e22d,75184478,user-read-75184478,,,,,,,,,,,,,,,,,,1706141638774334,1703549638774334
,,,e0c1c564-3875-47f4-a64d-e9d04f0bba59,75184478,user-read-75184478,The Extraordinary Journey of the Fakir,,,,,,,,,,,,,,,,,1743941685711857,1741349685711857
,,,03dcb8a5-8c0b-4281-a751-f3985625e64a,75184478,user-read-75184478,,,,,,,,,,,,,,,,,,1736657315237190,1734065315237190
,,,4311df65-7716-4f61-b159-6a5457a0bdad,75184478,user-read-75184478,,,,,,,,,,,,,,,,,,1742796922114601,1740204922114601
,,,b09d875c-609c-4d4a-b3e2-2a5127be4a2a,75184478,user-read-75184478,ആവേശം,,,,,,,,,,,,,,,,,1738212270943436,1735620270943436
,,,3e566fef-659b-48b0-b037-0c66a24da8e9,75184478,user-read-75184478,,,,,,,,,,,,,,,,,,1731087905528432,1728495905528433
,,,d9502cbc-0734-4958-81c8-c29a7e39632e,75184478,user-read-75184478,,,,,,,,,,,,,,,,,,1741266033398591,1738674033398591
,,,67b30f30-f5dd-4bca-bf4c-e6f43b0682be,75184478,user-read-75184478,,,,,,,,,,,,,,,,,,1731315340253331,1728723340253332
,,,e9190e54-2df4-4438-a1d2-18653df667da,75184478,user-read-75184478,Maayon,,,,,,,,,,,,,,,,,1736535987669254,1733943987669254
,,,e6e1d0b2-99f1-4fe0-831e-9809d1af6868,75184478,user-read-75184478,,,,,,,,,,,,,,,,,,1733506890661473,1730914890661473
,,,3d914e7d-1718-45c3-ad42-689573bc0d38,75184478,user-read-75184478,Batman v Superman: Dawn of Justice,,,,,,,,,,,,,,,,,1771160351784757,1768568351784757
,,,e5bc80ca-4c1d-49dc-b88d-0b09c3cdf83e,75184478,user-read-75184478,,,,,,,,,,,,,,,,,,1738076423867272,1735484423867272
,,,36b69f6d-6421-4a0f-8976-3308f7e8d232,75184478,user-read-75184478,,,,,,,,,,,,,,,,,,1743161720445088,1740569720445088
,,,d71cfc66-8323-4080-b9fe-30043e066cf3,75184478,user-read-75184478,,,,,,,,,,,,,,,,,,1738634429886867,1736042429886867
,,,6da13b9e-61f1-4466-b697-2bc76b5db25e,75184478,user-read-75184478,,,,,,,,,,,,,,,,,,1733212662214840,1730620662214840
,,,6108253f-3616-45aa-9b1d-4d3c47ea06aa,75184478,user-read-75184478,,,,,,,,,,,,,,,,,,1741465794355487,1738873794355487
,,,61fe421a-6a8d-4b3a-a7d8-70d13425383a,75184478,user-read-75184478,,,,,,,,,,,,,,,,,,1761402250452633,1758810250452633
,,,c245a2d2-ef54-4aee-8954-cf2f4ea74080,75184478,user-read-75184478,,,,,,,,,,,,,,,,,,1740468045640305,1737876045640305
,,,1f2963f9-04f9-4cdc-a90f-40e78eb729f4,75184478,user-read-75184478,Ti Saddhya Kay Karte,,,,,,,,,,,,,,,,,1750621466197467,1748029466197467
,,,9adb5ec5-a5c7-4cc8-8b10-b69f8944bfbf,75184478,user-read-75184478,Oppenheimer,,,,,,,,,,,,,,,,,1736071292270845,1733479292270845
,,,e29f3c56-443f-498e-b675-8934537522be,75184478,user-read-75184478,,,,,,,,,,,,,,,,,,1733454610953295,1730862610953296
,,,67ed92a7-557e-4c1c-b62e-ee9fa5af7f35,75184478,user-read-75184478,,,,,,,,,,,,,,,,,,1733509248764559,1730917248764559
,,,60c8f3fb-30e7-49a1-9198-38aeeef67bd0,75184478,user-read-75184478,,,,,,,,,,,,,,,,,,1729172201020992,1726580201020992
,,,f03ded3d-7d8f-44ee-b955-cc34b1cdd1de,75184478,user-read-75184478,,,,,,,,,,,,,,,,,,1730535354190799,1727943354190799
,,,bedd41de-1b16-457d-bbf9-da085530d3ee,75184478,user-read-75184478,,,,,,,,,,,,,,,,,,1731696817974042,1729104817974042
,,,d8c27550-89eb-45d0-90bf-4731b5a1b218,75184478,user-read-75184478,,,,,,,,,,,,,,,,,,1738073407586154,1735481407586155
,,,38ca860f-1353-4152-b627-937173871191,75184478,user-read-75184478,,,,,,,,,,,,,,,,,,1729436830867093,1726844830867093
,,,10687e84-4be5-4dab-83c7-fe2c27048a70,75184478,user-read-75184478,,,,,,,,,,,,,,,,,,1742245992358413,1739653992358413
,,,77a7c8a8-affe-40b3-a24a-eb425dba43d9,75184478,user-read-75184478,,,,,,,,,,,,,,,,,,1733384582980364,1730792582980364
,,,5b5b35ef-735c-45b6-ae5a-e946691757f9,75184478,user-read-75184478,ಮಹಾವತಾರ ನರಸಿಂಹ,,,,,,,,,,,,,,,,,1761394468831425,1758802468831425
,,,dfe600d9-a22a-4f4a-a540-3e2b01926d74,75184478,user-read-75184478,,,,,,,,,,,,,,,,,,1739816262113678,1737224262113678
,,,449a7521-8df2-429b-ba6e-f8b9510fec60,75184478,user-read-75184478,俺だけレベルアップな件 -ReAwakening-,,,,,,,,,,,,,,,,,1738240865376070,1735648865376070
,,,ff07a778-cf94-4243-a8ca-ec401f51f579,75184478,user-read-75184478,Mangalavaaram,,,,,,,,,,,,,,,,,1736528989251322,1733936989251322
,,,612e282c-f77f-4860-9efe-7074d9f6e4b2,75184478,user-read-75184478,,,,,,,,,,,,,,,,,,1738349123358053,1735757123358053
,,,b75f4425-810d-4583-a206-076f037c0c09,75184478,user-read-75184478,,,,,,,,,,,,,,,,,,1731817274630526,1729225274630527
,,,355cd3b7-1a44-438a-a074-04a83d4be699,75184478,user-read-75184478,,,,,,,,,,,,,,,,,,1735187251024854,1732595251024854
,,,16f03418-66de-4111-a4dd-2008db2164ae,75184478,user-read-75184478,,,,,,,,,,,,,,,,,,1751119974594962,1748527974594962
,,,12badd27-32ce-4e6f-a192-cce9733b2c8b,75184478,user-read-75184478,,,,,,,,,,,,,,,,,,1734115102863996,1731523102863997
,,,40000f8e-541a-4194-a6a9-b59bcef9f16d,75184478,user-read-75184478,,,,,,,,,,,,,,,,,,1733509915035731,1730917915035731
,,,5f30d4d5-4269-4b19-a038-4df4eea5ab59,75184478,user-read-75184478,,,,,,,,,,,,,,,,,,1734408710150667,1731816710150667
,,,3d0b84a2-6b30-41cd-bb82-32ffdc6b47d7,75184478,user-read-75184478,,,,,,,,,,,,,,,,,,1733455988894526,1730863988894527
,,,2ae08d2a-b74c-4524-bd18-7027dc52ecdd,75184478,user-read-75184478,Maharshi,,,,,,,,,,,,,,,,,1772288888947550,1769696888947551
,,,dbe34254-b02c-4413-a334-b6170233cacc,75184478,user-read-75184478,,,,,,,,,,,,,,,,,,1730393119675406,1727801119675406
,,,70a4ef4e-b725-4ae1-9bd2-310507211524,75184478,user-read-75184478,,,,,,,,,,,,,,,,,,1731323751393694,1728731751393694
,,,2e37b343-7c67-4e2a-8b2e-2f875b3237ab,75184478,user-read-75184478,,,,,,,,,,,,,,,,,,1751120028332045,1748528028332045
,,,0bd837c3-61af-4b19-90d6-d6cdd5ac4e18,75184478,user-read-75184478,,,,,,,,,,,,,,,,,,1729802430429001,1727210430429001
,,,c4249125-250c-4683-b5aa-21a4fe3a6da3,75184478,user-read-75184478,,,,,,,,,,,,,,,,,,1737722579456485,1735130579456485
,,,950d7457-0ce9-48da-b31d-f154d5003313,75184478,user-read-75184478,,,,,,,,,,,,,,,,,,1708021846241543,1705429846241543
,,,1989cfa4-418e-4edc-ab7e-4b7720247334,75184478,user-read-75184478,,,,,,,,,,,,,,,,,,1735146698539783,1732554698539783
,,,b6242c95-28f7-447f-aa28-8d9974ff888c,75184478,user-read-75184478,,,,,,,,,,,,,,,,,,1731226103751148,1728634103751149
,,,61b517cc-08cc-4d35-b1d9-5676971caa9e,75184478,user-read-75184478,,,,,,,,,,,,,,,,,,1763487093472394,1760895093472394
,,,4fb4ba0c-3292-4b6c-b20b-660f0b6cb2dc,75184478,user-read-75184478,,,,,,,,,,,,,,,,,,1731088090567525,1728496090567525
,,,bd2e6693-3d05-44eb-b8a8-68ff96b636cd,75184478,user-read-75184478,Batman Begins,,,,,,,,,,,,,,,,,1744111082622676,1741519082622676
,,,775cc809-9b4e-4101-8a10-e979e439b974,75184478,user-read-75184478,,,,,,,,,,,,,,,,,,1784127129469296,1781535129469296
,,,c3c9183c-2d83-438c-b1eb-6f7996962bcd,75184478,user-read-75184478,,,,,,,,,,,,,,,,,,1735146347892195,1732554347892196
,,,edd7de3a-9664-4829-bc38-90480101aabd,75184478,user-read-75184478,,,,,,,,,,,,,,,,,,1738046808511285,1735454808511285
,,,4221ab51-9af9-473e-9a12-79011e29a0f6,75184478,user-read-75184478,,,,,,,,,,,,,,,,,,1751120020924270,1748528020924270
,,,1436fb0b-6d9d-458c-b6fc-a22087c19155,75184478,user-read-75184478,,,,,,,,,,,,,,,,,,1753188368743127,1750596368743127
,,,80b2b838-40fc-4ec1-b500-d4dd0b6ed20d,75184478,user-read-75184478,,,,,,,,,,,,,,,,,,1734174096921870,1731582096921870
,,,dfcfaa39-f09e-43e0-9318-9132bcbf1bb2,75184478,user-read-75184478,,,,,,,,,,,,,,,,,,1737911344572387,1735319344572387
,,,fadcba93-b6ff-40ae-8238-bf09e7fea8da,75184478,user-read-75184478,,,,,,,,,,,,,,,,,,1735184971907433,1732592971907433
,,,7369e9ce-5d17-4e64-a6c7-2cfe5f8b05d4,75184478,user-read-75184478,,,,,,,,,,,,,,,,,,1731225999981733,1728633999981733
,,,8512b5af-18c0-488b-9c10-1b6b5af7c002,75184478,user-read-75184478,The Croods: A New Age,,,,,,,,,,,,,,,,,1731933696457990,1729341696457990
,,,3ec8b498-1cc6-403b-9833-8d388fd38e3e,75184478,user-read-75184478,,,,,,,,,,,,,,,,,,1733505802659993,1730913802659993
,,,8fb47ef1-2943-4ec6-b68e-b0ca35ae17b3,75184478,user-read-75184478,,,,,,,,,,,,,,,,,,1731226130877606,1728634130877606
,,,b7c658cc-d561-4129-9b68-ddddc50547c7,75184478,user-read-75184478,Deadpool & Wolverine,,,,,,,,,,,,,,,,,1734072674507431,1731480674507431
,,,412d271b-962c-4eb6-ad72-d72b500045ae,75184478,user-read-75184478,,,,,,,,,,,,,,,,,,1735083208955335,1732491208955335
,,,ba1e823e-0660-4f97-a4ad-19f02e069958,75184478,user-read-75184478,,,,,,,,,,,,,,,,,,1736006608077016,1733414608077016
,,,ebc2685c-c11d-4b6b-ad66-79b5765fa886,75184478,user-read-75184478,,,,,,,,,,,,,,,,,,1735146557129772,1732554557129773
,,,6622dab8-94dc-48b8-958d-c0f9f3bb9b3e,75184478,user-read-75184478,,,,,,,,,,,,,,,,,,1733507113798958,1730915113798958
,,,45c1e773-80d2-422c-a502-29cbd6226039,75184478,user-read-75184478,,,,,,,,,,,,,,,,,,1731348429273124,1728756429273124
,,,78578640-5389-437d-8fc6-dfcd149c05dc,75184478,user-read-75184478,,,,,,,,,,,,,,,,,,1751119946573686,1748527946573686
,,,241a0627-bc71-494c-91ae-98be8c15f499,75184478,user-read-75184478,,,,,,,,,,,,,,,,,,1737911281176348,1735319281176349
,,,740cd424-dcea-4786-befb-9c6e27caa128,75184478,user-read-75184478,劇場版ハイキュー!! ゴミ捨て場の決戦,,,,,,,,,,,,,,,,,1733367986339824,1730775986339824
,,,e1d0bc50-e265-4f58-ad3a-8deb9e733e24,75184478,user-read-75184478,,,,,,,,,,,,,,,,,,1733765641857933,1731173641857933
,,,93e664b0-f772-47ba-99b2-a9da76a633b1,75184478,user-read-75184478,,,,,,,,,,,,,,,,,,1734176428767546,1731584428767546
,,,a0d7d4a4-0d91-461f-a537-41e4f46cbf88,75184478,user-read-75184478,,,,,,,,,,,,,,,,,,1732874217347043,1730282217347044
,,,98787a02-864a-4ee3-bdc0-8a676d81055d,75184478,user-read-75184478,,,,,,,,,,,,,,,,,,1741619461089686,1739027461089686
,,,32c9645e-78f5-4cb7-a2ae-a0205fe4c7ee,75184478,user-read-75184478,,,,,,,,,,,,,,,,,,1737904618152319,1735312618152319
,,,b77cec5c-82ab-436e-a41d-94d0c6b13466,75184478,user-read-75184478,,,,,,,,,,,,,,,,,,1742902130639992,1740310130639992
,,,7b7c68b9-8624-4f6f-90bd-89db71f31670,75184478,user-read-75184478,,,,,,,,,,,,,,,,,,1751120013984513,1748528013984514
,,,537fb138-db2e-43e1-8878-fd8753cb564c,75184478,user-read-75184478,Beast,,,,,,,,,,,,,,,,,1730792003856227,1728200003856227
,,,69973f48-6de5-46b3-b030-78ea5116ad4f,75184478,user-read-75184478,स्त्री 2,,,,,,,,,,,,,,,,,1730524768809689,1727932768809689
,,,95edf60a-bbc8-455e-9107-c70df4a51561,75184478,user-read-75184478,లక్కీ బాస్కర్,,,,,,,,,,,,,,,,,1736084419763104,1733492419763104
,,,d14ac36a-b9f9-49bf-8d12-394fb6083582,75184478,user-read-75184478,,,,,,,,,,,,,,,,,,1734176302176371,1731584302176371
,,,ad62a634-e133-44f9-b911-6de25274f52e,75184478,user-read-75184478,,,,,,,,,,,,,,,,,,1729802833634566,1727210833634567
,,,78240144-609d-4f0e-a833-e3099a1c1bf9,75184478,user-read-75184478,,,,,,,,,,,,,,,,,,1728319836137840,1725727836137840
,,,34a0d90c-f495-4884-993c-f6c7bbaa7403,75184478,user-read-75184478,,,,,,,,,,,,,,,,,,1733715510670520,1731123510670520
,,,44ddf161-d056-4bf2-be31-32fc3f6bf40d,75184478,user-read-75184478,,,,,,,,,,,,,,,,,,1758907221795159,1756315221795159
,,,622dc8a7-48fb-444b-98ed-6c7c831dbe6c,75184478,user-read-75184478,Shutter Island,,,,,,,,,,,,,,,,,1752260791592736,1749668791592736
,,,29492193-19f4-46ce-8c00-158b0f0b31bf,75184478,user-read-75184478,,,,,,,,,,,,,,,,,,1755004422393124,1752412422393125
,,,0e22f21f-3e93-40ba-87e8-50f983e7d7a2,75184478,user-read-75184478,,,,,,,,,,,,,,,,,,1736686700136432,1734094700136432
,,,27aff55a-7360-4e75-97d1-fe70ca16e196,75184478,user-read-75184478,,,,,,,,,,,,,,,,,,1739873270934168,1737281270934168
,,,87f06396-77c6-47d2-b455-e6dc410621ee,75184478,user-read-75184478,,,,,,,,,,,,,,,,,,1733632565677489,1731040565677489
,,,7e6c3add-f49b-40e7-a86d-382495cee773,75184478,user-read-75184478,,,,,,,,,,,,,,,,,,1754940557767839,1752348557767839
,,,f2cfff9d-726d-491c-bc2e-8049e32b9843,75184478,user-read-75184478,,,,,,,,,,,,,,,,,,1731226366979826,1728634366979826
,,,68cb0bc7-ec99-45c9-add6-a068a86b1588,75184478,user-read-75184478,,,,,,,,,,,,,,,,,,1733398136413060,1730806136413060
,,,ed6c50f0-a090-4073-8beb-6ba5dd21f69f,75184478,user-read-75184478,,,,,,,,,,,,,,,,,,1739208299939930,1736616299939930
,,,94854686-0cb5-4244-933d-c3a5ba371022,75184478,user-read-75184478,,,,,,,,,,,,,,,,,,1731300925097708,1728708925097708
,,,df0a5767-c640-4413-8bb6-2c673d127604,75184478,user-read-75184478,,,,,,,,,,,,,,,,,,1743161736400202,1740569736400202
,,,4d91da4a-1e30-41b0-85ac-8f529313c64d,75184478,user-read-75184478,Final Destination: Bloodlines,,,,,,,,,,,,,,,,,1750171109889333,1747579109889333
,,,7433aabb-3d89-4567-8da1-b29b5daedf8c,75184478,user-read-75184478,,,,,,,,,,,,,,,,,,1733562367693709,1730970367693709
,,,e79b1a04-f13d-4c3e-8a49-deda77fb1aa6,75184478,user-read-75184478,,,,,,,,,,,,,,,,,,1731779610400314,1729187610400314
,,,eae8926e-9793-402d-8259-a3b1cb9277a4,75184478,user-read-75184478,,,,,,,,,,,,,,,,,,1735146720461921,1732554720461921
,,,112d698e-6612-4893-83c8-68952488cf64,75184478,user-read-75184478,,,,,,,,,,,,,,,,,,1741094971699752,1738502971699752
,,,54bcfd1f-7362-4369-93a8-c19d3064ba27,75184478,user-read-75184478,,,,,,,,,,,,,,,,,,1729082173138276,1726490173138276
,,,20853480-0a24-47df-9795-a6be98f9c048,75184478,user-read-75184478,,,,,,,,,,,,,,,,,,1751120007662359,1748528007662360
,,,acc8d069-89a8-4819-ae57-b5a102b5b3bd,75184478,user-read-75184478,,,,,,,,,,,,,,,,,,1734341713473383,1731749713473384
,,,1410dfdf-3245-4012-b8ad-cc0015a7df15,75184478,user-read-75184478,,,,,,,,,,,,,,,,,,1731087993087642,1728495993087642
,,,41d04485-d66c-4f64-84f2-cc2c6db38b9f,75184478,user-read-75184478,,,,,,,,,,,,,,,,,,1728926248575733,1726334248575734
,,,788ad79d-59f8-4f77-9cc4-70eff338719d,75184478,user-read-75184478,,,,,,,,,,,,,,,,,,1751120081542513,1748528081542513
,,,3b02f60b-d8dc-4f0d-ad5d-691284edc5bc,75184478,user-read-75184478,,,,,,,,,,,,,,,,,,1731310221645930,1728718221645930
,,,f9871621-b1e9-4ccd-ae46-0645ff947f09,75184478,user-read-75184478,,,,,,,,,,,,,,,,,,1751119924255792,1748527924255792
,,,f2c388d8-d0d7-4e6c-8896-711c51296cd3,75184478,user-read-75184478,,,,,,,,,,,,,,,,,,1730954654158752,1728362654158752
,,,937ac58c-7e64-4ee0-9c6d-67534db30879,75184478,user-read-75184478,,,,,,,,,,,,,,,,,,1762971920268529,1760379920268529
,,,696f40a3-d41a-456b-ac76-fb7c38c37850,75184478,user-read-75184478,,,,,,,,,,,,,,,,,,1735394153468633,1732802153468633
,,,941c58e2-271c-4168-84bb-a4c8d9740a64,75184478,user-read-75184478,,,,,,,,,,,,,,,,,,1751119964383262,1748527964383262
,,,bf6a68f5-46f9-4a74-b45f-0fbcaa26dbb2,75184478,user-read-75184478,ブルーロック-EPISODE 凪-,,,,,,,,,,,,,,,,,1731995569574346,1729403569574346
,,,60f4dbc8-4de1-4539-b484-6f77aeb381e9,75184478,user-read-75184478,,,,,,,,,,,,,,,,,,1731348597035604,1728756597035605
,,,26d35e57-0c5e-479e-a293-b03fbb2e1369,75184478,user-read-75184478,,,,,,,,,,,,,,,,,,1733454552896209,1730862552896209
,,,a6364841-bac2-45c4-b942-9297828de655,75184478,user-read-75184478,,,,,,,,,,,,,,,,,,1730954600876740,1728362600876740
,,,f73b9871-3a6b-4c9e-b883-d2af0b1460a7,75184478,user-read-75184478,,,,,,,,,,,,,,,,,,1729181508654541,1726589508654542
,,,87dbfd73-2484-4f5e-8a8b-96e294f12304,75184478,user-read-75184478,,,,,,,,,,,,,,,,,,1731669409280666,1729077409280666
,,,37164a50-a9ca-4fee-8cce-0d67f7537dea,75184478,user-read-75184478,,,,,,,,,,,,,,,,,,1739278486067670,1736686486067670
,,,17812949-37f8-431a-a501-ec32aeef6bdc,75184478,user-read-75184478,,,,,,,,,,,,,,,,,,1731659757960760,1729067757960760
,,,8d03cb2c-4336-4944-8bdf-191dc51572dc,75184478,user-read-75184478,,,,,,,,,,,,,,,,,,1784477268713874,1781885268713874
,,,b9984a5c-ae46-47a8-b750-50caf78cd226,75184478,user-read-75184478,,,,,,,,,,,,,,,,,,1731326064458237,1728734064458237
,,,bbfa4d7a-b31c-44bc-8ed0-88f28e60ec99,75184478,user-read-75184478,ये जवानी है दीवानी,,,,,,,,,,,,,,,,,1733941961981927,1731349961981928
