uuid,user_id,movie_name,episode_id,vote_key
69973f48-6de5-46b3-b030-78ea5116ad4f,75184478,स्त्री 2,0,69973f48-6de5-46b3-b030-78ea5116ad4f-75184478-33
4aabf649-673d-4453-a6bb-73ad212e8037,75184478,Bullet Train,0,4aabf649-673d-4453-a6bb-73ad212e8037-75184478-33
95edf60a-bbc8-455e-9107-c70df4a51561,75184478,లక్కీ బాస్కర్,0,95edf60a-bbc8-455e-9107-c70df4a51561-75184478-29
8727b86b-59cd-437b-89a7-40d2003155df,75184478,Star Wars: Episode I – The Phantom Menace,0,8727b86b-59cd-437b-89a7-40d2003155df-75184478-28
3d914e7d-1718-45c3-ad42-689573bc0d38,75184478,Batman v Superman: Dawn of Justice,0,3d914e7d-1718-45c3-ad42-689573bc0d38-75184478-32
9adb5ec5-a5c7-4cc8-8b10-b69f8944bfbf,75184478,Oppenheimer,0,9adb5ec5-a5c7-4cc8-8b10-b69f8944bfbf-75184478-28
2e2df8d6-a4a8-4dcc-b713-4c6de8293c61,75184478,வித் லவ்,0,2e2df8d6-a4a8-4dcc-b713-4c6de8293c61-75184478-32
8fad2f48-5f4c-4705-9159-839dc0edccd7,75184478,チェンソーマン レゼ篇,0,8fad2f48-5f4c-4705-9159-839dc0edccd7-75184478-28
5a0f949c-f5fb-475a-a895-2315d44bf666,75184478,तेरी बातों में ऐसा उलझा जिया,0,5a0f949c-f5fb-475a-a895-2315d44bf666-75184478-37
b09d875c-609c-4d4a-b3e2-2a5127be4a2a,75184478,ആവേശം,0,b09d875c-609c-4d4a-b3e2-2a5127be4a2a-75184478-37
dbaa74e8-bbb3-428f-89da-85c171aae072,75184478,గుంటూరు కారం,0,dbaa74e8-bbb3-428f-89da-85c171aae072-75184478-33
d42d83d6-dfaa-4a2c-8d81-0e2bca155a9d,75184478,धुरंधर: द रिवेंज,0,d42d83d6-dfaa-4a2c-8d81-0e2bca155a9d-75184478-32
3d914e7d-1718-45c3-ad42-689573bc0d38,75184478,Batman v Superman: Dawn of Justice,0,3d914e7d-1718-45c3-ad42-689573bc0d38-75184478-28
8b24570f-e6b1-4271-9f74-f6ea0bedb1eb,75184478,Justice League,0,8b24570f-e6b1-4271-9f74-f6ea0bedb1eb-75184478-32
90ddccb8-b877-4df3-b655-7bf70f98605e,75184478,ది గర్ల్‌ఫ్రెండ్,0,90ddccb8-b877-4df3-b655-7bf70f98605e-75184478-28
bbfa4d7a-b31c-44bc-8ed0-88f28e60ec99,75184478,ये जवानी है दीवानी,0,bbfa4d7a-b31c-44bc-8ed0-88f28e60ec99-75184478-29
7bd1fe8e-56ff-4d26-af2b-3a7be07b747c,75184478,तेरे इश्क़ में,0,7bd1fe8e-56ff-4d26-af2b-3a7be07b747c-75184478-32
e9b80d08-afa2-4a4f-b144-62517b6836cd,75184478,Brahman Naman,0,e9b80d08-afa2-4a4f-b144-62517b6836cd-75184478-33
527adc31-6d16-4526-b122-50257353867a,75184478,Mission: Impossible III,0,527adc31-6d16-4526-b122-50257353867a-75184478-28
b7c658cc-d561-4129-9b68-ddddc50547c7,75184478,Deadpool & Wolverine,0,b7c658cc-d561-4129-9b68-ddddc50547c7-75184478-33
d6423a20-d8dd-4521-8fd4-050713a7e9a3,75184478,Star Wars: The Last Jedi,0,d6423a20-d8dd-4521-8fd4-050713a7e9a3-75184478-32
bf6a68f5-46f9-4a74-b45f-0fbcaa26dbb2,75184478,ブルーロック-EPISODE 凪-,0,bf6a68f5-46f9-4a74-b45f-0fbcaa26dbb2-75184478-33
802499fa-0107-46ec-900c-5f56d459a6cd,75184478,Wrong Turn 3: Left for Dead,0,802499fa-0107-46ec-900c-5f56d459a6cd-75184478-33
eb72df6a-4f80-4591-b986-b8e405808734,75184478,A Minecraft Movie,0,eb72df6a-4f80-4591-b986-b8e405808734-75184478-28
751425aa-e8e1-4140-8291-97c7049eba23,75184478,टाइगर ३,0,751425aa-e8e1-4140-8291-97c7049eba23-75184478-37
7e0beff2-6f75-4aed-ab94-f080a6f79fee,75184478,,0,7e0beff2-6f75-4aed-ab94-f080a6f79fee-75184478-32
4859d0a1-bb82-4710-9f52-69520bb0f7af,75184478,Fast X,0,4859d0a1-bb82-4710-9f52-69520bb0f7af-75184478-37
82f50a08-0078-42ba-8249-fb4cbc7cc27b,75184478,The Croods,0,82f50a08-0078-42ba-8249-fb4cbc7cc27b-75184478-33
20ca6bf7-8b52-47fe-89d9-8a6732f73421,75184478,Ballerina,0,20ca6bf7-8b52-47fe-89d9-8a6732f73421-75184478-28
d356ed86-effc-4d59-a145-727ae1b23546,75184478,Star Wars: The Force Awakens,0,d356ed86-effc-4d59-a145-727ae1b23546-75184478-32
b6e6e8d7-15f5-419e-8f5d-8c9d33c8320f,75184478,The Dark Knight,0,b6e6e8d7-15f5-419e-8f5d-8c9d33c8320f-75184478-33
d55e956e-20f4-4d9f-9bb2-186d2e999cd2,75184478,Return of the Jedi,0,d55e956e-20f4-4d9f-9bb2-186d2e999cd2-75184478-28
8fad2f48-5f4c-4705-9159-839dc0edccd7,75184478,チェンソーマン レゼ篇,0,8fad2f48-5f4c-4705-9159-839dc0edccd7-75184478-32
9adb5ec5-a5c7-4cc8-8b10-b69f8944bfbf,75184478,Oppenheimer,0,9adb5ec5-a5c7-4cc8-8b10-b69f8944bfbf-75184478-33
9fd0d9d8-e76c-49ce-b4b9-44bbabdad1d4,75184478,劇場版 黒子のバスケ LAST GAME,0,9fd0d9d8-e76c-49ce-b4b9-44bbabdad1d4-75184478-33
6d6deb7b-509d-4bf6-b23a-ed206852c7bf,75184478,Wrong Turn,0,6d6deb7b-509d-4bf6-b23a-ed206852c7bf-75184478-28
3a7b9439-6436-4ce5-9c5d-69f71462d02e,75184478,సలార్: పార్ట్‌ 1 – సీజ్‌ఫైర్‌,0,3a7b9439-6436-4ce5-9c5d-69f71462d02e-75184478-28
16e91281-6914-47f5-aeb9-ed9633aded3d,75184478,Puss in Boots: The Last Wish,0,16e91281-6914-47f5-aeb9-ed9633aded3d-75184478-33
95edf60a-bbc8-455e-9107-c70df4a51561,75184478,లక్కీ బాస్కర్,0,95edf60a-bbc8-455e-9107-c70df4a51561-75184478-28
22176d25-7e60-4fe4-9318-84c7d82a117a,75184478,ఫ్యామిలీ స్టార్,0,22176d25-7e60-4fe4-9318-84c7d82a117a-75184478-33
c5c4ce44-88d2-4b7a-89ea-83abf5b4f2ef,75184478,How to Train Your Dragon,0,c5c4ce44-88d2-4b7a-89ea-83abf5b4f2ef-75184478-32
25d72184-f66a-4965-a647-8cbd74c2db59,75184478,劇場版「鬼滅の刃」 無限列車編,0,25d72184-f66a-4965-a647-8cbd74c2db59-75184478-28
9329597a-693d-4df9-8855-f524e347fd92,75184478,Star Wars,0,9329597a-693d-4df9-8855-f524e347fd92-75184478-28
1f2963f9-04f9-4cdc-a90f-40e78eb729f4,75184478,Ti Saddhya Kay Karte,0,1f2963f9-04f9-4cdc-a90f-40e78eb729f4-75184478-32
7729c8d5-288f-4ab2-aea2-315e8327d16b,75184478,सनी संस्कारी की तुलसी कुमारी,0,7729c8d5-288f-4ab2-aea2-315e8327d16b-75184478-32
bf6a68f5-46f9-4a74-b45f-0fbcaa26dbb2,75184478,ブルーロック-EPISODE 凪-,0,bf6a68f5-46f9-4a74-b45f-0fbcaa26dbb2-75184478-32
ff9e5f23-4d08-4df8-bbdc-27bf0abb261f,75184478,劇場版ポケットモンスター キミにきめた!,0,ff9e5f23-4d08-4df8-bbdc-27bf0abb261f-75184478-32
b43efd5e-f485-45cc-aa2e-180ffca3f64d,75184478,John Wick: Chapter 4,0,b43efd5e-f485-45cc-aa2e-180ffca3f64d-75184478-28
e9190e54-2df4-4438-a1d2-18653df667da,75184478,Maayon,0,e9190e54-2df4-4438-a1d2-18653df667da-75184478-38
d85318fd-ea57-495d-add5-239ded1489c1,75184478,Scooby-Doo! in Where's My Mummy?,0,d85318fd-ea57-495d-add5-239ded1489c1-75184478-36
38dbb85c-10a1-44d1-a244-26abd9c7dc5a,75184478,कभी खुशी कभी ग़म...,0,38dbb85c-10a1-44d1-a244-26abd9c7dc5a-75184478-37
06227450-2170-463f-a163-8e58c1fb5b46,75184478,Transformers: Rise of the Beasts,0,06227450-2170-463f-a163-8e58c1fb5b46-75184478-28
2ae08d2a-b74c-4524-bd18-7027dc52ecdd,75184478,Maharshi,0,2ae08d2a-b74c-4524-bd18-7027dc52ecdd-75184478-32
985b2cb5-c42c-410b-a762-c56df299710a,75184478,Star Wars: The Rise of Skywalker,0,985b2cb5-c42c-410b-a762-c56df299710a-75184478-28
bfae97c0-c0dc-41ac-81e5-beff98ede825,75184478,थामा,0,bfae97c0-c0dc-41ac-81e5-beff98ede825-75184478-28
537fb138-db2e-43e1-8878-fd8753cb564c,75184478,Beast,0,537fb138-db2e-43e1-8878-fd8753cb564c-75184478-33
beb89e4a-c44b-4865-b9ac-69ce94899e63,75184478,28 Weeks Later,0,beb89e4a-c44b-4865-b9ac-69ce94899e63-75184478-28
a3eb5217-89a9-4a5c-b699-7aadbae1865c,75184478,Star Wars: Episode III – Revenge of the Sith,0,a3eb5217-89a9-4a5c-b699-7aadbae1865c-75184478-28
7a2cd5d7-fef7-4811-a9dd-65a4ed660284,75184478,Get Educated: Paathshaala,0,7a2cd5d7-fef7-4811-a9dd-65a4ed660284-75184478-32
d6423a20-d8dd-4521-8fd4-050713a7e9a3,75184478,Star Wars: The Last Jedi,0,d6423a20-d8dd-4521-8fd4-050713a7e9a3-75184478-28
8d76d4bd-29da-4f7b-aae7-119644ab75ac,75184478,सायरा,0,8d76d4bd-29da-4f7b-aae7-119644ab75ac-75184478-28
50d34979-caa3-42d8-9a24-12f62695e9e9,75184478,28 Days Later,0,50d34979-caa3-42d8-9a24-12f62695e9e9-75184478-37
d12ca7db-3404-468b-a5bc-90c89fa9289f,75184478,Mission: Impossible - The Final Reckoning,0,d12ca7db-3404-468b-a5bc-90c89fa9289f-75184478-32
377b5958-f7f1-4436-bfb6-c5ac0d3900c4,75184478,Wonder Woman,0,377b5958-f7f1-4436-bfb6-c5ac0d3900c4-75184478-32
bc180014-4bd3-40a1-bd0f-01fb8fa79dc0,75184478,Transformers,0,bc180014-4bd3-40a1-bd0f-01fb8fa79dc0-75184478-28
d356ed86-effc-4d59-a145-727ae1b23546,75184478,Star Wars: The Force Awakens,0,d356ed86-effc-4d59-a145-727ae1b23546-75184478-28
b7fa700c-f101-48fd-b890-9e3ebf0ecf00,75184478,Transformers: Revenge of the Fallen,0,b7fa700c-f101-48fd-b890-9e3ebf0ecf00-75184478-28
cab3f8cf-cbc4-41cb-8ddd-bdcb0e67c53e,75184478,哪吒之魔童降世,0,cab3f8cf-cbc4-41cb-8ddd-bdcb0e67c53e-75184478-28
42814c39-07fe-4c44-a315-0ba14342384f,75184478,F9,0,42814c39-07fe-4c44-a315-0ba14342384f-75184478-37
308c6fc7-4b21-4099-906d-ebfa6feb9192,75184478,Wrong Turn 4: Bloody Beginnings,0,308c6fc7-4b21-4099-906d-ebfa6feb9192-75184478-32
22176d25-7e60-4fe4-9318-84c7d82a117a,75184478,ఫ్యామిలీ స్టార్,0,22176d25-7e60-4fe4-9318-84c7d82a117a-75184478-28
4929b925-6c6d-4bad-979a-b53e4ecfa486,75184478,Mission: Impossible – Rogue Nation,0,4929b925-6c6d-4bad-979a-b53e4ecfa486-75184478-28
cf81c34e-83c9-4405-b449-47ea544a554f,75184478,Red One,0,cf81c34e-83c9-4405-b449-47ea544a554f-75184478-29
bbfa4d7a-b31c-44bc-8ed0-88f28e60ec99,75184478,ये जवानी है दीवानी,0,bbfa4d7a-b31c-44bc-8ed0-88f28e60ec99-75184478-32
ead87c84-1133-496a-89bf-2239b84de23f,75184478,Ready or Not,0,ead87c84-1133-496a-89bf-2239b84de23f-75184478-28
d42d83d6-dfaa-4a2c-8d81-0e2bca155a9d,75184478,धुरंधर: द रिवेंज,0,d42d83d6-dfaa-4a2c-8d81-0e2bca155a9d-75184478-28
f613977b-515b-44af-b9ce-1936d42db749,75184478,அன்னபூரணி,0,f613977b-515b-44af-b9ce-1936d42db749-75184478-32
751425aa-e8e1-4140-8291-97c7049eba23,75184478,टाइगर ३,0,751425aa-e8e1-4140-8291-97c7049eba23-75184478-35
a36d3794-1369-4c3f-b322-2575e8661b8a,75184478,Lee Cronin's The Mummy,0,a36d3794-1369-4c3f-b322-2575e8661b8a-75184478-33
990be31e-07de-49a6-bfa2-8a8042fcc5ff,75184478,ブラッククローバー 魔法帝の剣,0,990be31e-07de-49a6-bfa2-8a8042fcc5ff-75184478-32
8d76d4bd-29da-4f7b-aae7-119644ab75ac,75184478,सायरा,0,8d76d4bd-29da-4f7b-aae7-119644ab75ac-75184478-32
e1b3f62f-9101-47c3-8632-db2f386bba37,75184478,छावा,0,e1b3f62f-9101-47c3-8632-db2f386bba37-75184478-32
3ec752c2-6673-43b0-8c3d-d093895984e2,75184478,Hridayam,0,3ec752c2-6673-43b0-8c3d-d093895984e2-75184478-32
740cd424-dcea-4786-befb-9c6e27caa128,75184478,劇場版ハイキュー!! ゴミ捨て場の決戦,0,740cd424-dcea-4786-befb-9c6e27caa128-75184478-32
86130b93-8d67-420c-bd24-b2fb4c4f4bb2,75184478,Sonic the Hedgehog 3,0,86130b93-8d67-420c-bd24-b2fb4c4f4bb2-75184478-37
d50129a9-d630-4ec3-8162-48b1150689eb,75184478,劇場版「鬼滅の刃」無限城編 第一章 猗窩座再来,0,d50129a9-d630-4ec3-8162-48b1150689eb-75184478-28
b32c8392-93c0-4306-90c1-0c36f554fdc0,75184478,Transformers: Dark of the Moon,0,b32c8392-93c0-4306-90c1-0c36f554fdc0-75184478-33
8b24570f-e6b1-4271-9f74-f6ea0bedb1eb,75184478,Justice League,0,8b24570f-e6b1-4271-9f74-f6ea0bedb1eb-75184478-28
4d91da4a-1e30-41b0-85ac-8f529313c64d,75184478,Final Destination: Bloodlines,0,4d91da4a-1e30-41b0-85ac-8f529313c64d-75184478-28
a3eb5217-89a9-4a5c-b699-7aadbae1865c,75184478,Star Wars: Episode III – Revenge of the Sith,0,a3eb5217-89a9-4a5c-b699-7aadbae1865c-75184478-30
1b797503-88d1-49f0-825a-70915c42cf5e,75184478,Transformers: Age of Extinction,0,1b797503-88d1-49f0-825a-70915c42cf5e-75184478-28
00cdb21e-0bab-4112-9515-b2f4c0e5be6c,75184478,Scooby-Doo! Pirates Ahoy!,0,00cdb21e-0bab-4112-9515-b2f4c0e5be6c-75184478-28
b0346b6a-3141-4ef3-bc9b-7982571207fe,75184478,Ajab Prem Ki Ghazab Kahani,0,b0346b6a-3141-4ef3-bc9b-7982571207fe-75184478-33
90ddccb8-b877-4df3-b655-7bf70f98605e,75184478,ది గర్ల్‌ఫ్రెండ్,0,90ddccb8-b877-4df3-b655-7bf70f98605e-75184478-32
f252f4bc-ea5e-430d-a977-e52a3b9ad2e7,75184478,Sarfira,0,f252f4bc-ea5e-430d-a977-e52a3b9ad2e7-75184478-37
25d72184-f66a-4965-a647-8cbd74c2db59,75184478,劇場版「鬼滅の刃」 無限列車編,0,25d72184-f66a-4965-a647-8cbd74c2db59-75184478-32
fa61246c-784f-41c0-84d1-005d5b7bcf11,75184478,28 Years Later,0,fa61246c-784f-41c0-84d1-005d5b7bcf11-75184478-28
8fc65596-1cfd-4fe1-a263-370f2c426f81,75184478,Star Wars: Episode II – Attack of the Clones,0,8fc65596-1cfd-4fe1-a263-370f2c426f81-75184478-28
d12ca7db-3404-468b-a5bc-90c89fa9289f,75184478,Mission: Impossible - The Final Reckoning,0,d12ca7db-3404-468b-a5bc-90c89fa9289f-75184478-29
e0c1c564-3875-47f4-a64d-e9d04f0bba59,75184478,The Extraordinary Journey of the Fakir,0,e0c1c564-3875-47f4-a64d-e9d04f0bba59-75184478-33
bf6a68f5-46f9-4a74-b45f-0fbcaa26dbb2,75184478,ブルーロック-EPISODE 凪-,0,bf6a68f5-46f9-4a74-b45f-0fbcaa26dbb2-75184478-39
bf03441b-9c3a-44fa-87e6-82409cf21b08,75184478,Transformers: The Last Knight,0,bf03441b-9c3a-44fa-87e6-82409cf21b08-75184478-28
305e9f34-bbed-40e1-b865-51da5ef36203,75184478,ஹேப்பி ராஜ்,0,305e9f34-bbed-40e1-b865-51da5ef36203-75184478-33
d50129a9-d630-4ec3-8162-48b1150689eb,75184478,劇場版「鬼滅の刃」無限城編 第一章 猗窩座再来,0,d50129a9-d630-4ec3-8162-48b1150689eb-75184478-32
d356ed86-effc-4d59-a145-727ae1b23546,75184478,Star Wars: The Force Awakens,0,d356ed86-effc-4d59-a145-727ae1b23546-75184478-30
0a3d82b8-8c8e-4f3c-8169-b3a41e1ffd99,75184478,Don't Breathe,0,0a3d82b8-8c8e-4f3c-8169-b3a41e1ffd99-75184478-34
d6423a20-d8dd-4521-8fd4-050713a7e9a3,75184478,Star Wars: The Last Jedi,0,d6423a20-d8dd-4521-8fd4-050713a7e9a3-75184478-34
20ca6bf7-8b52-47fe-89d9-8a6732f73421,75184478,Ballerina,0,20ca6bf7-8b52-47fe-89d9-8a6732f73421-75184478-36
36fe4361-a182-4992-a439-5bfa03124ddc,75184478,Mission: Impossible – Fallout,0,36fe4361-a182-4992-a439-5bfa03124ddc-75184478-28
aecb4bed-4c97-44ad-87d0-e68119c6b5b2,75184478,Raanjhanaa,0,aecb4bed-4c97-44ad-87d0-e68119c6b5b2-75184478-32
38dbb85c-10a1-44d1-a244-26abd9c7dc5a,75184478,कभी खुशी कभी ग़म...,0,38dbb85c-10a1-44d1-a244-26abd9c7dc5a-75184478-31
d230afda-20d5-411b-9785-d0c9435dc9b2,75184478,Mission: Impossible,0,d230afda-20d5-411b-9785-d0c9435dc9b2-75184478-28
20ca6bf7-8b52-47fe-89d9-8a6732f73421,75184478,Ballerina,0,20ca6bf7-8b52-47fe-89d9-8a6732f73421-75184478-33
4aabf649-673d-4453-a6bb-73ad212e8037,75184478,Bullet Train,0,4aabf649-673d-4453-a6bb-73ad212e8037-75184478-28
e598e977-8fe6-4e0d-8def-da1537e82549,75184478,Puss in Boots,0,e598e977-8fe6-4e0d-8def-da1537e82549-75184478-33
541056d1-4da7-4435-aebc-11848ed442b9,75184478,Triangle,0,541056d1-4da7-4435-aebc-11848ed442b9-75184478-28
5b0db8fe-53f8-484e-80e6-db219eee3685,75184478,The Martian,0,5b0db8fe-53f8-484e-80e6-db219eee3685-75184478-32
8fc65596-1cfd-4fe1-a263-370f2c426f81,75184478,Star Wars: Episode II – Attack of the Clones,0,8fc65596-1cfd-4fe1-a263-370f2c426f81-75184478-33
7e62af02-d4a7-47ae-aaf6-bd79cadd4d5e,75184478,Mission: Impossible II,0,7e62af02-d4a7-47ae-aaf6-bd79cadd4d5e-75184478-36
62760786-25a6-4b64-8cf8-b75f0b7c9ddb,75184478,Anyone But You,0,62760786-25a6-4b64-8cf8-b75f0b7c9ddb-75184478-33
d6423a20-d8dd-4521-8fd4-050713a7e9a3,75184478,Star Wars: The Last Jedi,0,d6423a20-d8dd-4521-8fd4-050713a7e9a3-75184478-30
bbfa4d7a-b31c-44bc-8ed0-88f28e60ec99,75184478,ये जवानी है दीवानी,0,bbfa4d7a-b31c-44bc-8ed0-88f28e60ec99-75184478-28
6d7a40a2-ba08-4f81-a8b4-10ac6842f792,75184478,新神榜：哪吒重生,0,6d7a40a2-ba08-4f81-a8b4-10ac6842f792-75184478-32
bf6a68f5-46f9-4a74-b45f-0fbcaa26dbb2,75184478,ブルーロック-EPISODE 凪-,0,bf6a68f5-46f9-4a74-b45f-0fbcaa26dbb2-75184478-36
ff07a778-cf94-4243-a8ca-ec401f51f579,75184478,Mangalavaaram,0,ff07a778-cf94-4243-a8ca-ec401f51f579-75184478-39
4859d0a1-bb82-4710-9f52-69520bb0f7af,75184478,Fast X,0,4859d0a1-bb82-4710-9f52-69520bb0f7af-75184478-32
377b5958-f7f1-4436-bfb6-c5ac0d3900c4,75184478,Wonder Woman,0,377b5958-f7f1-4436-bfb6-c5ac0d3900c4-75184478-28
3a7b9439-6436-4ce5-9c5d-69f71462d02e,75184478,సలార్: పార్ట్‌ 1 – సీజ్‌ఫైర్‌,0,3a7b9439-6436-4ce5-9c5d-69f71462d02e-75184478-33
