user_id,episode_comment_id,created_at,updated_at,source
75184478,10267180,2024-09-17 16:11:54,2024-09-17 16:11:54,mobile
75184478,10273142,2024-09-14 17:17:28,2024-09-14 17:17:28,mobile
75184478,10273704,2024-09-14 17:17:16,2024-09-14 17:17:16,mobile
75184478,10281572,2024-09-16 12:36:07,2024-09-16 12:36:07,mobile
75184478,10312006,2024-09-17 16:08:57,2024-09-17 16:08:57,mobile
75184478,10351868,2024-09-20 15:07:11,2024-09-20 15:07:11,mobile
75184478,10524639,2024-09-16 12:36:20,2024-09-16 12:36:20,mobile
75184478,10582387,2024-09-14 17:17:35,2024-09-14 17:17:35,mobile
75184478,17106022,2024-11-25 17:10:22,2024-11-25 17:10:22,mobile
75184478,17107433,2024-11-25 17:10:16,2024-11-25 17:10:16,mobile
75184478,17111019,2024-11-25 17:10:57,2024-11-25 17:10:57,mobile
75184478,17371625,2024-09-20 15:07:44,2024-09-20 15:07:44,mobile
75184478,17519257,2024-09-16 12:36:57,2024-09-16 12:36:57,mobile
75184478,17678464,2024-10-08 04:44:45,2024-10-08 04:44:45,mobile
75184478,17684583,2024-10-08 04:43:13,2024-10-08 04:43:13,mobile
75184478,17700090,2024-10-12 07:27:48,2024-10-12 07:27:48,mobile
75184478,17700708,2024-10-12 07:27:56,2024-10-12 07:27:56,mobile
75184478,17723296,2024-10-12 07:27:39,2024-10-12 07:27:39,mobile
75184478,17728576,2024-10-12 07:28:26,2024-10-12 07:28:26,mobile
75184478,17992469,2024-09-17 16:12:57,2024-09-17 16:12:57,mobile
75184478,21392524,2024-09-16 12:36:33,2024-09-16 12:36:33,mobile
75184478,21443927,2024-09-14 17:18:30,2024-09-14 17:18:30,mobile
75184478,21460843,2024-09-16 12:35:59,2024-09-16 12:35:59,mobile
75184478,21460858,2024-09-16 12:35:29,2024-09-16 12:35:29,mobile
75184478,21511627,2024-10-12 04:55:17,2024-10-12 04:55:17,mobile
75184478,21511865,2024-10-12 04:55:12,2024-10-12 04:55:12,mobile
75184478,21545675,2024-10-12 18:06:31,2024-10-12 18:06:31,mobile
75184478,21547157,2024-10-12 18:06:48,2024-10-12 18:06:48,mobile
75184478,21549520,2024-10-12 18:06:41,2024-10-12 18:06:41,mobile
75184478,21571124,2024-10-17 12:35:24,2024-10-17 12:35:24,mobile
75184478,21585990,2024-09-17 15:55:07,2024-09-17 15:55:07,mobile
75184478,21621126,2024-09-16 12:36:57,2024-09-16 12:36:57,mobile
75184478,21642934,2024-10-08 04:43:27,2024-10-08 04:43:27,mobile
75184478,21660295,2024-09-20 15:07:38,2024-09-20 15:07:38,mobile
75184478,31416442,2024-11-05 07:42:39,2024-11-05 07:42:39,mobile
75184478,31426517,2024-11-05 07:42:33,2024-11-05 07:42:33,mobile
75184478,31426731,2024-11-05 07:42:08,2024-11-05 07:42:08,mobile
75184478,31428154,2024-11-05 07:42:26,2024-11-05 07:42:26,mobile
75184478,31776055,2024-11-06 03:09:53,2024-11-06 03:09:53,mobile
75184478,31785003,2024-11-06 03:09:55,2024-11-06 03:09:55,mobile
75184478,31848261,2024-11-06 03:31:57,2024-11-06 03:31:57,mobile
75184478,32034726,2024-11-06 17:23:39,2024-11-06 17:23:39,mobile
75184478,32036124,2024-11-06 17:24:24,2024-11-06 17:24:24,mobile
75184478,32091790,2024-11-06 17:41:02,2024-11-06 17:41:02,mobile
75184478,32091795,2024-11-06 17:39:22,2024-11-06 17:39:22,mobile
75184478,32092545,2024-11-06 17:39:45,2024-11-06 17:39:45,mobile
75184478,32092636,2024-11-06 17:39:18,2024-11-06 17:39:18,mobile
75184478,32093391,2024-11-06 17:40:22,2024-11-06 17:40:22,mobile
75184478,32093402,2024-11-06 17:40:50,2024-11-06 17:40:50,mobile
75184478,32093815,2024-11-06 17:40:05,2024-11-06 17:40:05,mobile
75184478,32094476,2024-11-06 17:39:08,2024-11-06 17:39:08,mobile
75184478,32098957,2024-11-06 17:40:41,2024-11-06 17:40:41,mobile
75184478,32098964,2024-11-06 17:39:51,2024-11-06 17:39:51,mobile
75184478,32159258,2024-11-06 18:20:30,2024-11-06 18:20:30,mobile
75184478,32160305,2024-11-06 18:20:16,2024-11-06 18:20:16,mobile
75184478,34301161,2024-11-07 09:57:51,2024-11-07 09:57:51,mobile
75184478,34302007,2024-11-07 09:57:41,2024-11-07 09:57:41,mobile
75184478,34306269,2024-11-07 09:57:49,2024-11-07 09:57:49,mobile
75184478,34308444,2024-11-07 09:57:39,2024-11-07 09:57:39,mobile
75184478,34359948,2024-11-07 09:58:32,2024-11-07 09:58:32,mobile
75184478,34360096,2024-11-07 09:59:16,2024-11-07 09:59:16,mobile
75184478,34361064,2024-11-07 09:58:34,2024-11-07 09:58:34,mobile
75184478,34361749,2024-11-07 09:58:56,2024-11-07 09:58:56,mobile
75184478,34372155,2024-11-07 09:59:13,2024-11-07 09:59:13,mobile
75184478,37083695,2024-11-14 11:01:46,2024-11-14 11:01:46,mobile
75184478,37642961,2024-09-26 10:44:23,2024-09-26 10:44:23,mobile
75184478,37953099,2024-11-06 18:20:28,2024-11-06 18:20:28,mobile
75184478,38437601,2024-12-29 06:48:08,2024-12-29 06:48:08,mobile
75184478,38496703,2025-01-05 02:00:14,2025-01-05 02:00:14,mobile
75184478,38498780,2025-01-05 02:00:23,2025-01-05 02:00:23,mobile
75184478,38501887,2025-01-11 17:25:07,2025-01-11 17:25:07,mobile
