user_id,tv_show_id,episode_id,created_at,updated_at,tv_show_name
75184478,73739,363373,2025-10-21 15:39:58,2026-06-24 07:11:48,Lost
75184478,73752,127420,2024-10-19 17:32:54,2026-06-30 20:05:09,Berserk
75184478,74796,10857653,2023-12-22 06:39:54,2025-02-04 12:50:24,Bleach
75184478,76666,206829,2023-12-22 07:10:20,2023-12-27 15:34:12,Dragon Ball
75184478,76703,5804622,2023-12-30 02:34:24,2024-01-27 13:24:46,Pokémon
75184478,78804,308600,2025-01-04 03:23:33,2025-06-01 22:49:18,Doctor Who (2005)
75184478,78857,296976,2023-12-22 06:51:54,2023-12-22 06:51:58,Naruto
75184478,79237,454291,2026-01-06 17:20:38,2026-01-26 04:22:51,Baki the Grappler
75184478,79685,4684990,2026-04-26 05:56:47,2026-06-18 03:04:35,Fighting Spirit
75184478,81472,378365,2023-12-31 14:06:57,2024-09-10 23:05:26,Dragon Ball Z
75184478,81797,11700064,2023-12-22 06:43:02,2026-06-25 17:39:57,One Piece
75184478,85249,879141,2026-06-13 12:45:02,2026-07-02 07:14:32,Fullmetal Alchemist: Brotherhood
75184478,114801,4236078,2024-01-22 10:11:32,2024-12-31 13:39:48,Fairy Tail
75184478,121361,7107505,2024-01-07 04:39:50,2024-01-17 07:18:16,Game of Thrones
75184478,171591,2434531,2025-05-10 23:29:20,2025-05-11 07:55:29,High School of the Dead
75184478,176941,2502511,2025-04-25 07:44:25,2025-04-25 07:44:25,Sherlock
75184478,219701,4675569,2025-10-21 00:32:39,2026-06-13 08:42:52,Freezing
75184478,249827,4225799,2024-02-29 21:58:58,2024-04-06 00:46:11,The Future Diary
75184478,253463,4201395,2025-04-24 07:12:52,2025-04-24 07:12:52,Black Mirror
75184478,254349,4248685,2026-06-26 16:43:20,2026-07-02 02:16:43,Another
75184478,257765,5207002,2025-06-13 00:22:39,2025-06-29 09:16:49,Kuroko's Basketball
75184478,259640,4889025,2026-02-26 09:40:05,2026-03-02 02:34:34,Sword Art Online
75184478,264663,4854237,2025-06-08 22:59:06,2025-06-18 15:55:04,Date A Live
75184478,267440,4853669,2023-12-31 11:20:25,2023-12-31 11:21:16,Attack on Titan
75184478,275583,4759783,2026-06-17 23:11:03,2026-06-19 04:58:31,Tonari no Seki-kun: The Master of Killing Time
75184478,275610,4720069,2023-12-22 07:04:17,2023-12-22 07:04:17,Noragami
75184478,279121,5260562,2025-03-17 20:06:58,2025-09-29 22:10:18,The Flash (2014)
75184478,281249,6632156,2024-02-04 04:14:35,2024-02-04 04:14:38,Tokyo Ghoul
75184478,283935,5008273,2025-05-11 00:57:36,2025-05-26 14:15:31,Trinity Seven
75184478,289882,7970926,2024-11-14 10:38:38,2025-01-15 15:10:31,Is It Wrong to Try to Pick Up Girls in a Dungeon?
75184478,289909,7943819,2025-02-22 04:43:16,2025-11-27 17:25:56,Food Wars!
75184478,293088,11367845,2025-10-15 11:50:22,2025-11-27 15:22:35,One-Punch Man
75184478,293267,5315051,2026-01-10 06:52:13,2026-01-15 06:41:16,Prison School
75184478,295685,6922792,2024-11-25 17:09:08,2024-11-28 10:20:34,Lucifer
75184478,305074,11377555,2024-05-09 10:27:45,2025-12-31 12:31:08,My Hero Academia
75184478,305075,5556691,2024-09-16 19:38:32,2024-11-09 15:11:43,Bungo Stray Dogs
75184478,305089,11714313,2024-10-29 15:41:54,2026-06-19 09:35:48,"Re: ZERO, Starting Life in Another World"
75184478,305288,10788054,2025-11-29 22:11:38,2026-01-06 01:25:22,Stranger Things
75184478,327417,6468121,2025-07-11 09:53:24,2025-07-16 14:11:31,Money Heist
75184478,329822,11704266,2024-01-03 19:26:55,2026-06-26 11:50:45,Classroom of the Elite
75184478,334824,7605180,2024-09-16 14:54:21,2024-10-17 12:33:53,Dark
75184478,335815,10713857,2024-11-02 13:27:15,2025-01-14 15:50:26,Sword Art Online Alternative: Gun Gale Online
75184478,339076,7601488,2024-02-02 04:10:34,2024-02-02 04:15:29,Beyblade Burst
75184478,342635,10200218,2023-12-24 05:32:23,2023-12-24 05:32:23,Flames
75184478,345596,6895534,2025-06-18 20:12:31,2025-08-27 23:44:11,Rascal Does Not Dream of Bunny Girl Senpai
75184478,348545,10445769,2024-05-14 22:41:32,2024-06-27 16:33:07,Demon Slayer: Kimetsu no Yaiba
75184478,348742,7767348,2024-04-02 16:47:36,2026-01-05 23:03:03,Baki (2018)
75184478,352408,11696735,2024-06-28 12:32:35,2026-06-26 11:50:44,That Time I Got Reincarnated as a Slime
75184478,353712,11192852,2025-07-16 02:52:32,2025-12-14 02:19:26,The Rising of the Shield Hero
75184478,354198,7414201,2024-08-14 04:47:31,2024-11-25 17:08:49,Kaguya-sama: Love Is War
75184478,354808,7551164,2023-12-22 07:29:38,2023-12-22 07:29:38,Mirzapur
75184478,355480,7809229,2025-07-08 11:22:52,2025-10-11 17:34:05,Fire Force
75184478,355567,10297575,2024-07-15 16:02:15,2024-09-14 21:02:58,The Boys
75184478,355774,11728112,2023-12-22 06:43:04,2026-06-26 13:10:50,Dr. STONE
75184478,355966,8128421,2026-06-19 04:58:32,2026-06-23 21:11:28,The Quintessential Quintuplets
75184478,357888,11073321,2025-12-23 01:40:04,2026-01-25 02:35:55,"Love, Death & Robots"
75184478,360534,7070465,2023-12-22 06:42:07,2023-12-22 06:44:31,Sword Art Online: Alicization
75184478,362472,9794219,2025-10-05 02:06:40,2026-04-16 00:32:20,Loki
75184478,362631,10521722,2024-07-02 09:47:39,2024-07-16 19:29:19,Kota Factory
75184478,362696,7428574,2024-01-26 14:09:21,2024-02-21 13:21:48,The Witcher
75184478,367147,8286962,2023-12-22 10:38:06,2026-01-01 07:25:53,What If…?
75184478,369026,7341875,2024-10-16 08:35:41,2024-10-16 11:12:50,Uzumaki
75184478,369144,11655491,2025-10-20 16:14:48,2026-07-02 07:14:31,Welcome to Demon School! Iruma-kun
75184478,371028,8723898,2024-11-14 11:39:18,2024-12-09 11:48:34,Arcane
75184478,371310,9885762,2024-05-21 14:09:19,2024-08-27 14:17:02,Mushoku Tensei: Jobless Reincarnation
75184478,376472,11167781,2025-09-29 08:47:40,2025-09-30 00:20:55,Alice in Borderland (2020)
75184478,376729,10563863,2024-07-17 03:16:09,2025-10-11 08:07:11,Tower of God
75184478,377543,11547982,2023-12-30 02:31:58,2026-04-16 14:46:52,JUJUTSU KAISEN
75184478,378609,8722573,2026-06-26 02:09:51,2026-07-02 07:14:31,86: Eighty Six
75184478,380654,11195326,2025-07-15 18:48:33,2025-08-10 17:37:35,Rent-a-Girlfriend
75184478,383275,11126295,2025-04-24 15:00:05,2025-07-01 05:37:38,Squid Game
75184478,384541,8865679,2025-08-16 00:31:53,2025-08-16 00:31:57,Cyberpunk: Edgerunners
75184478,385496,10851451,2025-01-01 06:21:41,2025-02-04 01:23:17,Mismatched
75184478,388858,8130504,2026-01-17 05:28:04,2026-01-22 04:23:01,SK8 the Infinity
75184478,389597,10843945,2024-01-07 05:37:26,2025-03-31 07:29:51,Solo Leveling
75184478,392276,11426058,2026-03-17 13:46:26,2026-04-05 13:04:31,ONE PIECE (2023)
75184478,393478,10004438,2023-12-31 17:05:47,2023-12-31 17:05:47,Tokyo Revengers
75184478,393810,11501932,2026-01-25 02:35:55,2026-01-26 16:10:31,Record of Ragnarok
75184478,397060,11100621,2023-12-22 06:57:04,2025-09-07 07:06:07,Wednesday
75184478,402474,11522453,2026-01-12 12:41:07,2026-04-26 01:03:27,Hell's Paradise
75184478,402475,9237518,2025-10-11 17:44:52,2025-10-23 03:12:40,Orient
75184478,402637,9243571,2025-08-16 06:08:41,2025-08-16 20:08:50,My Isekai Life: I Gained a Second Character Class and Became the Strongest Sage in the World!
75184478,403262,10347121,2024-10-08 16:05:37,2024-11-23 08:22:53,Sunflower
75184478,404568,8482467,2024-02-11 21:15:03,2024-02-11 21:15:03,Indori Ishq
75184478,406152,8530933,2025-04-23 07:44:35,2025-04-23 07:44:35,Baki Hanma
75184478,407520,10001151,2025-02-22 15:34:06,2025-02-25 17:14:35,The Eminence in Shadow
75184478,407840,9229063,2026-01-06 17:20:34,2026-01-09 20:21:25,Aoashi
75184478,408629,10559638,2024-10-27 19:08:53,2024-12-29 06:47:08,BLUE LOCK
75184478,414947,10378698,2024-04-02 17:07:23,2024-05-26 09:38:42,Gods' Games We Play
75184478,416705,10302790,2024-02-12 12:42:13,2024-02-20 19:04:50,Crushed
75184478,417147,10391426,2025-12-20 13:30:36,2026-06-12 09:12:22,Spice and Wolf: MERCHANT MEETS THE WISE WOLF
75184478,418367,11704276,2025-12-31 12:31:10,2026-06-26 02:09:45,Farming Life in Another World
75184478,418666,11707369,2026-06-19 09:35:51,2026-06-26 02:09:46,Witch Hat Atelier
75184478,421069,10530178,2024-07-08 01:10:26,2024-07-22 21:50:56,Oshi no Ko
75184478,421737,9701901,2023-12-22 06:44:41,2023-12-22 06:45:06,MASHLE: MAGIC AND MUSCLES
75184478,421855,10719112,2023-12-26 00:37:46,2025-04-06 21:27:22,Shangri-La Frontier
75184478,422090,10049923,2023-12-31 09:40:11,2023-12-31 09:40:11,Dark Gathering
75184478,423075,11209916,2025-02-20 17:49:25,2025-09-30 06:30:40,Kaiju No. 8
75184478,423257,10192575,2025-12-28 02:47:59,2026-04-26 04:06:39,Delicious in Dungeon
75184478,423732,10842957,2025-02-19 13:33:11,2025-09-23 02:46:57,SAKAMOTO DAYS
75184478,424536,11447773,2024-06-13 21:28:02,2026-04-30 00:39:52,Frieren: Beyond Journey's End
75184478,426572,11354547,2025-12-10 04:07:17,2025-12-28 00:39:52,Campfire Cooking in Another World with My Absurd Skill
75184478,429934,10720994,2026-01-10 13:34:13,2026-01-14 12:06:24,Blue Box
75184478,431162,10842652,2025-01-18 13:22:57,2026-01-10 12:36:58,The Apothecary Diaries
75184478,432832,11217482,2024-11-02 10:45:09,2025-10-11 16:42:53,DAN DA DAN
75184478,433375,10739837,2024-10-18 03:17:26,2024-10-18 03:17:26,Gutar Gu
75184478,433631,11390662,2026-03-02 08:37:03,2026-03-03 08:05:55,A Knight of the Seven Kingdoms
75184478,437266,11518450,2026-01-09 11:54:40,2026-04-26 04:06:39,Sentenced to Be a Hero
75184478,440897,10381470,2025-12-01 10:51:00,2025-12-06 12:14:24,Chillin' in Another World With Level 2 Super Cheat Powers
75184478,443377,10535666,2024-09-12 00:14:12,2024-10-10 16:13:23,Makeine: Too Many Losing Heroines!
75184478,443412,10246606,2024-02-21 18:15:55,2024-03-18 04:52:34,Dehati Ladke
75184478,446692,10571512,2026-02-14 04:47:10,2026-02-14 04:47:10,"Anyway, I'm Falling in Love with You."
75184478,447889,10521405,2025-03-08 12:12:49,2025-05-29 13:54:34,Very Parivarik
75184478,450537,11221462,2025-08-10 16:17:25,2026-01-31 13:51:15,Gachiakuta
75184478,454524,11230675,2025-08-04 02:16:16,2025-10-03 05:29:09,The Fragrant Flower Blooms with Dignity
75184478,454699,10705294,2024-11-23 13:32:54,2024-11-23 14:22:38,Ishq In The Air
75184478,455086,11686626,2026-05-19 10:59:36,2026-06-26 13:10:50,Off Campus
75184478,455684,11021549,2025-04-06 21:27:23,2025-08-16 05:15:37,The Beginning After the End
75184478,457645,11154064,2025-07-15 18:48:40,2025-12-31 12:31:10,Takopi's Original Sin
75184478,459453,11069553,2025-05-17 21:26:08,2025-10-21 15:39:55,To Be Hero X
75184478,464419,11202458,2026-06-26 02:09:54,2026-06-26 02:09:54,Lord of Mysteries
75184478,471423,11509804,2026-02-18 21:12:13,2026-02-18 22:44:48,Bhay: The Gaurav Tiwari Mystery
