show_character_id,fb_action_id,tv_show_name,episode_number,user_id,episode_id,created_at,updated_at,episode_season_number
63744916,,Lost,19,75184478,127149,2026-01-11 10:24:51,2026-01-11 10:24:51,1
64104189,,Berserk,4,75184478,127399,2024-11-05 11:28:15,2024-11-05 11:28:15,1
64104189,,Berserk,5,75184478,127400,2024-11-09 15:03:39,2024-11-09 15:03:39,1
64104189,,Berserk,11,75184478,127406,2026-03-04 10:32:22,2026-03-04 10:32:22,1
64104189,,Berserk,25,75184478,127420,2026-06-27 09:40:29,2026-06-27 09:40:29,1
64480396,,Doctor Who (2005),1,75184478,295294,2025-01-04 03:23:40,2025-01-04 03:23:41,1
63744925,,Lost,7,75184478,312423,2026-02-18 18:07:08,2026-02-18 18:07:08,3
63744950,,Lost,8,75184478,312424,2026-02-18 18:07:17,2026-02-18 18:07:17,3
63744925,,Lost,9,75184478,312425,2026-02-18 18:07:24,2026-02-18 18:07:24,3
63744881,,Lost,19,75184478,327130,2026-03-04 10:26:06,2026-03-04 10:26:19,3
65308903,,Fighting Spirit,10,75184478,330731,2026-04-25 09:29:04,2026-04-25 09:29:04,1
65308903,,Fighting Spirit,24,75184478,330745,2026-05-05 19:38:51,2026-05-05 19:38:51,1
65308903,,Fighting Spirit,25,75184478,330746,2026-05-05 19:38:56,2026-05-05 19:38:56,1
65308903,,Fighting Spirit,26,75184478,330747,2026-05-05 19:39:00,2026-05-05 19:39:00,1
65308903,,Fighting Spirit,27,75184478,330748,2026-05-05 19:39:05,2026-05-05 19:39:05,1
65308903,,Fighting Spirit,28,75184478,330749,2026-05-05 19:39:09,2026-05-05 19:39:09,1
65308924,,Fighting Spirit,51,75184478,330772,2026-05-28 14:37:30,2026-05-28 14:37:35,1
65308903,,Fighting Spirit,54,75184478,330775,2026-06-02 11:29:21,2026-06-02 11:29:21,1
65308903,,Fighting Spirit,56,75184478,330777,2026-06-02 11:29:33,2026-06-02 11:29:33,1
65308903,,Fighting Spirit,57,75184478,330778,2026-06-02 11:29:44,2026-06-02 11:29:46,1
65363156,,Dragon Ball Z,22,75184478,355433,2024-03-18 17:04:36,2024-03-18 17:04:36,1
65363097,,Dragon Ball Z,9,75184478,356287,2024-04-02 22:24:58,2024-04-02 22:25:00,2
64562494,,Bleach,5,75184478,438264,2024-10-19 16:31:01,2024-10-19 16:31:01,11
63348986,,Baki the Grappler,4,75184478,454221,2026-01-05 12:45:36,2026-01-05 12:45:36,1
63348986,,Baki the Grappler,5,75184478,454231,2026-01-05 12:45:48,2026-01-05 12:45:48,1
63348986,,Baki the Grappler,9,75184478,454271,2026-01-15 10:56:36,2026-01-15 10:56:38,1
63696686,,Fullmetal Alchemist: Brotherhood,5,75184478,560601,2026-06-15 04:19:30,2026-06-15 04:19:33,1
63696695,,Fullmetal Alchemist: Brotherhood,6,75184478,604341,2026-06-15 04:19:36,2026-06-15 04:19:37,1
64562644,,Bleach,7,75184478,1968651,2024-10-29 12:39:58,2024-10-29 12:39:58,14
64562601,,Bleach,15,75184478,2410691,2024-10-30 09:56:51,2024-10-30 09:56:53,14
63612196,,High School of the Dead,11,75184478,2434521,2025-05-10 09:21:07,2025-05-10 09:21:09,1
63612198,,High School of the Dead,12,75184478,2434531,2025-05-10 09:21:16,2025-05-10 09:21:16,1
64554506,,Freezing,11,75184478,3442751,2026-01-21 16:33:23,2026-01-21 16:33:24,1
64554527,,Freezing,12,75184478,3442761,2026-01-21 16:33:33,2026-01-21 16:33:33,1
63853254,,Another,12,75184478,4248685,2026-06-30 12:21:59,2026-06-30 12:21:59,1
64562528,,Bleach,18,75184478,4258083,2024-11-05 06:52:58,2024-11-05 06:53:00,16
65079394,,Kuroko's Basketball,17,75184478,4354711,2025-06-15 09:08:57,2025-06-15 09:08:57,1
65079394,,Kuroko's Basketball,18,75184478,4363132,2025-06-15 09:09:08,2025-06-15 09:09:08,1
65079394,,Kuroko's Basketball,19,75184478,4363133,2025-06-15 09:09:13,2025-06-15 09:09:13,1
65079394,,Kuroko's Basketball,20,75184478,4363134,2025-06-15 09:09:19,2025-06-15 09:09:19,1
65308912,,Fighting Spirit,24,75184478,4684989,2026-06-15 04:19:06,2026-06-15 04:19:06,3
65308912,,Fighting Spirit,25,75184478,4684990,2026-06-15 04:19:19,2026-06-15 04:19:19,3
65060956,,Date A Live,1,75184478,4788063,2025-06-06 11:12:10,2025-06-06 11:12:10,2
65061022,,Date A Live,2,75184478,4853328,2025-06-06 11:12:20,2025-06-06 11:12:20,2
64622158,,Trinity Seven,2,75184478,5008272,2025-05-12 06:04:35,2025-05-12 06:04:36,1
64831747,,The Flash (2014),6,75184478,5028737,2025-03-16 17:15:27,2025-03-16 17:15:27,1
64831747,,The Flash (2014),14,75184478,5104336,2025-06-26 03:44:45,2025-06-26 03:44:45,1
64905469,,Is It Wrong to Try to Pick Up Girls in a Dungeon?,1,75184478,5156002,2024-11-14 11:00:48,2024-11-14 11:00:50,1
64905469,,Is It Wrong to Try to Pick Up Girls in a Dungeon?,2,75184478,5180498,2024-11-14 11:37:33,2024-11-14 11:37:35,1
64905466,,Is It Wrong to Try to Pick Up Girls in a Dungeon?,9,75184478,5181198,2024-11-15 06:36:24,2024-11-15 06:36:24,1
65695240,,Bungo Stray Dogs,5,75184478,5556689,2024-09-28 15:41:10,2024-09-28 15:41:10,1
64819092,,Money Heist,9,75184478,6073206,2025-07-12 19:30:15,2025-07-12 19:30:15,1
65563019,,Dark,4,75184478,6347553,2024-09-16 12:34:52,2024-09-16 12:34:52,1
65563021,,Dark,5,75184478,6347554,2024-09-17 15:38:30,2024-09-17 15:38:31,1
66177408,,Dark,6,75184478,6347555,2024-09-17 16:08:04,2024-09-17 16:08:04,1
66177408,,Dark,7,75184478,6347556,2024-09-20 15:05:28,2024-09-20 15:05:28,1
65563020,,Dark,8,75184478,6347557,2024-09-24 20:38:36,2024-09-24 20:38:36,1
66177408,,Dark,9,75184478,6347558,2024-09-24 20:43:41,2024-09-24 20:43:44,1
65034609,,Dark,10,75184478,6347559,2024-09-25 13:38:02,2024-10-11 08:09:32,1
64819092,,Money Heist,10,75184478,6468094,2025-07-12 19:30:23,2025-07-12 19:30:26,1
63909194,,Lucifer,26,75184478,6706091,2024-11-24 23:32:47,2024-11-24 23:32:47,3
64643236,,Baki (2018),3,75184478,6721652,2024-04-02 22:24:07,2024-04-02 22:24:07,1
63909194,,Lucifer,1,75184478,6783481,2024-11-25 17:09:15,2024-11-25 17:09:15,4
63909194,,Lucifer,2,75184478,6809752,2024-11-25 17:09:59,2024-11-25 17:09:59,4
63909194,,Lucifer,3,75184478,6813799,2024-11-25 17:11:57,2024-11-25 17:11:57,4
63909194,,Lucifer,4,75184478,6823132,2024-11-25 17:12:39,2024-11-25 17:12:39,4
63510448,,Rascal Does Not Dream of Bunny Girl Senpai,5,75184478,6827065,2025-06-19 03:03:18,2025-06-19 03:03:19,1
64737733,,That Time I Got Reincarnated as a Slime,9,75184478,6843184,2024-06-26 02:01:49,2024-06-26 02:01:58,1
63909194,,Lucifer,5,75184478,6844133,2024-11-25 22:41:28,2024-11-25 22:41:28,4
66177408,,Dark,1,75184478,7154358,2024-10-08 04:42:47,2024-10-08 04:42:47,2
64905469,,Is It Wrong to Try to Pick Up Girls in a Dungeon?,7,75184478,7234769,2024-11-24 23:31:05,2024-11-24 23:31:05,2
65534258,,Dark,3,75184478,7241876,2024-10-09 17:44:12,2024-10-09 17:44:14,2
66177408,,Dark,4,75184478,7241878,2024-10-09 17:45:26,2024-10-09 17:45:29,2
66177408,,Dark,5,75184478,7241879,2024-10-09 17:47:07,2024-10-09 17:47:07,2
66177408,,Dark,6,75184478,7241880,2024-10-10 13:45:37,2024-10-10 13:45:37,2
66177408,,Dark,7,75184478,7241881,2024-10-12 04:54:24,2024-10-12 04:54:24,2
66177408,,Dark,8,75184478,7241882,2024-10-12 07:27:20,2024-10-12 07:27:21,2
64743168,,Fire Force,5,75184478,7244053,2025-07-06 12:54:38,2025-07-06 12:54:38,1
64743168,,Fire Force,6,75184478,7244056,2025-07-06 12:54:43,2025-07-06 12:54:46,1
66188789,,Uzumaki,1,75184478,7341873,2024-10-16 08:35:55,2024-10-16 08:35:55,1
66188733,,Uzumaki,3,75184478,7341875,2024-10-16 11:12:59,2024-10-16 11:12:59,1
67980844,,Arcane,1,75184478,7407215,2024-11-14 11:39:42,2024-11-14 11:39:42,1
66177408,,Dark,1,75184478,7605172,2024-10-12 11:12:21,2024-10-12 11:12:24,3
66177311,,Dark,4,75184478,7605175,2024-10-13 14:53:21,2024-10-13 14:53:22,3
66177408,,Dark,8,75184478,7605180,2024-10-17 12:34:04,2024-10-17 12:34:04,3
64643288,,Baki (2018),3,75184478,7767330,2026-01-02 13:22:38,2026-01-02 13:22:39,2
64643236,,Baki (2018),4,75184478,7767331,2026-01-02 13:22:44,2026-01-02 13:22:44,2
64643236,,Baki (2018),5,75184478,7767333,2026-01-02 13:23:57,2026-01-02 13:23:57,2
68720904,,Food Wars!,13,75184478,7943819,2025-11-26 14:55:36,2025-11-26 14:55:36,5
64240325,,The Quintessential Quintuplets,11,75184478,8128420,2026-06-21 03:44:26,2026-06-21 03:44:26,2
64240321,,The Quintessential Quintuplets,12,75184478,8128421,2026-06-21 03:44:32,2026-06-21 03:44:32,2
66366814,,Record of Ragnarok,6,75184478,8481728,2026-01-22 14:57:07,2026-01-22 14:57:10,1
66354452,,Sunflower,3,75184478,8483527,2024-10-12 08:55:27,2024-10-12 08:55:27,1
66354452,,Sunflower,4,75184478,8483532,2024-10-12 08:55:38,2024-10-12 08:55:38,1
65478083,,86: Eighty Six,13,75184478,8722563,2026-06-30 12:22:10,2026-06-30 12:22:10,1
67980842,,Arcane,3,75184478,8723886,2024-11-25 17:05:44,2024-11-25 17:05:45,1
67980844,,Arcane,6,75184478,8723894,2024-11-29 10:51:20,2024-11-29 10:51:20,1
68699185,,Stranger Things,9,75184478,8852957,2024-10-01 16:43:54,2024-10-01 16:44:01,4
63473683,,The Boys,3,75184478,8931923,2024-08-04 13:52:01,2024-08-04 13:52:02,3
68632531,,Aoashi,23,75184478,9229062,2026-01-07 10:54:49,2026-01-07 10:54:49,1
64562528,,Bleach,1,75184478,9340509,2024-11-05 07:41:41,2024-11-05 07:41:41,17
64562528,,Bleach,7,75184478,9360913,2024-11-06 03:31:36,2024-11-06 03:31:36,17
64562834,,Bleach,10,75184478,9360916,2024-11-06 17:23:19,2024-11-06 17:23:20,17
68808785,,Bleach,11,75184478,9360917,2024-11-06 17:38:44,2024-11-06 17:38:44,17
68808785,,Bleach,12,75184478,9360918,2024-11-06 17:44:58,2024-11-06 17:44:59,17
64923196,,Stranger Things,1,75184478,9443528,2025-11-27 14:49:30,2025-11-27 14:49:30,5
68786174,,Record of Ragnarok,3,75184478,9473926,2026-01-23 17:04:28,2026-01-23 17:04:28,2
64562528,,Bleach,13,75184478,9477211,2024-11-06 18:20:05,2024-11-06 18:20:05,17
68857941,,Campfire Cooking in Another World with My Absurd Skill,6,75184478,9551836,2025-12-09 12:35:49,2025-12-09 12:35:49,1
68857934,,Campfire Cooking in Another World with My Absurd Skill,7,75184478,9551837,2025-12-09 12:56:37,2025-12-09 12:56:39,1
68790265,,The Eminence in Shadow,1,75184478,9631534,2025-02-22 15:34:10,2025-02-22 15:34:10,2
64562528,,Bleach,14,75184478,9813955,2024-11-06 18:30:50,2024-11-06 18:30:50,17
64562491,,Bleach,18,75184478,9865597,2024-11-07 09:06:00,2024-11-07 09:06:04,17
64562519,,Bleach,19,75184478,9865598,2024-11-07 09:57:20,2024-11-07 09:57:20,17
64562851,,Bleach,20,75184478,9865599,2024-11-07 09:58:14,2024-11-07 09:58:14,17
64562528,,Bleach,21,75184478,9865600,2024-11-08 04:36:04,2024-11-08 04:36:04,17
68845229,,Bleach,24,75184478,9865603,2024-11-08 18:05:52,2024-11-08 18:05:52,17
68845233,,Bleach,26,75184478,9866063,2024-11-09 03:37:24,2024-11-09 03:37:24,17
69023882,,Frieren: Beyond Journey's End,16,75184478,10057054,2024-06-12 03:04:56,2024-06-12 03:04:56,1
69131456,,Chillin' in Another World With Level 2 Super Cheat Powers,1,75184478,10090843,2025-11-29 09:56:31,2025-11-29 09:56:31,1
69006964,,The Apothecary Diaries,22,75184478,10102925,2025-02-21 11:10:37,2025-02-21 11:10:37,1
69450112,,Sentenced to Be a Hero,1,75184478,10116028,2026-01-06 09:14:23,2026-01-06 09:14:23,1
69004492,,Shangri-La Frontier,23,75184478,10119406,2024-03-18 17:04:57,2024-03-18 17:05:00,1
69088270,,Delicious in Dungeon,2,75184478,10192565,2025-12-25 18:09:43,2025-12-25 18:09:46,1
69085837,,Delicious in Dungeon,7,75184478,10192570,2026-01-16 08:34:07,2026-01-16 08:34:07,1
69085837,,Delicious in Dungeon,9,75184478,10192572,2026-04-23 04:35:31,2026-04-23 04:35:31,1
69085837,,Delicious in Dungeon,10,75184478,10192573,2026-04-23 04:35:41,2026-04-23 04:35:42,1
65710119,,Classroom of the Elite,13,75184478,10205506,2024-05-15 03:25:44,2024-05-15 03:25:44,3
63473761,,The Boys,8,75184478,10297575,2024-09-12 16:24:52,2024-09-12 16:25:01,4
66354452,,Sunflower,1,75184478,10313569,2024-11-16 14:33:19,2024-11-16 14:33:19,2
69131458,,Chillin' in Another World With Level 2 Super Cheat Powers,2,75184478,10381460,2025-11-29 09:56:37,2025-11-29 09:56:38,1
69131458,,Chillin' in Another World With Level 2 Super Cheat Powers,3,75184478,10381461,2025-11-29 09:56:42,2025-11-29 09:56:43,1
69131456,,Chillin' in Another World With Level 2 Super Cheat Powers,4,75184478,10381462,2025-11-29 09:56:49,2025-11-29 09:56:49,1
64362249,,My Hero Academia,11,75184478,10412508,2024-07-25 14:32:29,2024-07-25 14:32:30,7
69063841,,Solo Leveling,1,75184478,10414110,2025-01-05 01:59:40,2025-01-05 01:59:40,2
67482808,,BLUE LOCK,1,75184478,10485277,2024-10-27 18:54:35,2024-10-27 18:54:35,2
69124884,,Makeine: Too Many Losing Heroines!,6,75184478,10535663,2024-09-14 15:05:58,2024-09-14 15:05:58,1
69124881,,Makeine: Too Many Losing Heroines!,7,75184478,10535664,2024-10-03 08:15:50,2024-10-03 08:15:50,1
69124881,,Makeine: Too Many Losing Heroines!,9,75184478,10535666,2024-10-10 16:13:42,2024-10-10 16:13:42,1
67482808,,BLUE LOCK,2,75184478,10559626,2024-10-27 18:54:52,2024-10-27 18:54:52,2
67482808,,BLUE LOCK,3,75184478,10559627,2024-11-03 07:57:40,2024-11-03 07:57:40,2
67482808,,BLUE LOCK,6,75184478,10559630,2024-11-26 03:49:26,2024-11-26 03:49:26,2
68747748,,BLUE LOCK,7,75184478,10559631,2024-12-13 04:48:03,2024-12-13 04:48:03,2
68776964,,BLUE LOCK,8,75184478,10559632,2024-12-13 14:13:01,2024-12-13 14:13:01,2
67482808,,BLUE LOCK,12,75184478,10559636,2024-12-24 12:04:06,2024-12-24 12:04:09,2
67482808,,BLUE LOCK,13,75184478,10559637,2024-12-29 06:46:46,2024-12-29 06:46:46,2
67482808,,BLUE LOCK,14,75184478,10559638,2024-12-29 06:47:16,2024-12-29 06:47:16,2
65449975,,Tower of God,5,75184478,10563860,2024-08-11 09:39:45,2024-08-11 09:39:45,2
68365757,,ONE PIECE (2023),1,75184478,10573348,2026-03-16 14:57:13,2026-03-16 14:57:14,2
69004492,,Shangri-La Frontier,12,75184478,10580467,2024-12-29 14:10:01,2024-12-29 14:10:05,2
69004492,,Shangri-La Frontier,14,75184478,10580469,2025-01-12 12:54:42,2025-01-12 12:54:42,2
69004492,,Shangri-La Frontier,23,75184478,10580478,2025-03-16 17:15:22,2025-03-16 17:15:22,2
65545879,,Squid Game,1,75184478,10617348,2025-04-21 18:06:07,2025-04-21 18:06:07,2
64844343,,Sword Art Online Alternative: Gun Gale Online,1,75184478,10618084,2024-11-02 13:19:42,2024-11-02 13:19:42,2
69065577,,DAN DA DAN,5,75184478,10624772,2024-11-02 13:19:19,2024-11-02 13:19:33,1
69065577,,DAN DA DAN,8,75184478,10624776,2024-11-28 15:09:24,2024-11-28 15:09:24,1
64425734,,"Re: ZERO, Starting Life in Another World",1,75184478,10625037,2024-10-29 15:42:34,2024-10-29 15:42:39,3
64198331,,The Rising of the Shield Hero,1,75184478,10664238,2025-07-13 13:12:54,2025-07-13 13:12:54,4
64425734,,"Re: ZERO, Starting Life in Another World",4,75184478,10669102,2024-11-09 07:57:45,2024-11-09 07:57:45,3
64425734,,"Re: ZERO, Starting Life in Another World",5,75184478,10669103,2024-12-25 12:41:18,2024-12-25 12:41:18,3
64425728,,"Re: ZERO, Starting Life in Another World",9,75184478,10669107,2025-03-05 15:43:57,2025-03-05 15:43:58,3
64425741,,"Re: ZERO, Starting Life in Another World",16,75184478,10669116,2025-05-23 09:24:29,2025-05-23 09:24:29,3
69051162,,Blue Box,2,75184478,10691954,2026-01-10 04:07:48,2026-01-10 04:07:48,1
69051162,,Blue Box,8,75184478,10691960,2026-01-10 12:47:56,2026-01-10 12:47:56,1
64844343,,Sword Art Online Alternative: Gun Gale Online,2,75184478,10713847,2024-11-09 17:33:58,2024-11-09 17:33:58,2
64844343,,Sword Art Online Alternative: Gun Gale Online,8,75184478,10713853,2024-11-23 08:14:59,2024-11-23 08:14:59,2
65111435,,One Piece,36,75184478,10720624,2024-10-12 11:54:20,2024-10-12 11:54:22,22
69051163,,Blue Box,15,75184478,10720984,2026-01-13 17:22:33,2026-01-13 17:22:33,1
69051162,,Blue Box,25,75184478,10720994,2026-01-14 12:06:25,2026-01-14 12:06:25,1
69348822,,Off Campus,1,75184478,10725046,2026-05-18 11:00:30,2026-05-18 11:00:30,1
69063841,,Solo Leveling,2,75184478,10730597,2025-01-11 17:24:15,2025-01-11 17:24:15,2
64562528,,Bleach,27,75184478,10733782,2024-11-09 15:03:47,2024-11-09 15:03:47,17
64562528,,Bleach,28,75184478,10733783,2024-11-13 18:36:13,2024-11-13 18:36:13,17
64562818,,Bleach,29,75184478,10733784,2024-11-20 09:04:34,2024-11-20 09:04:35,17
64562528,,Bleach,30,75184478,10733785,2024-11-26 04:10:16,2024-11-26 04:10:16,17
64562756,,Bleach,34,75184478,10754403,2024-12-31 09:15:14,2024-12-31 09:15:14,17
64923208,,Stranger Things,5,75184478,10788051,2025-12-26 15:53:28,2025-12-26 15:53:30,5
64923220,,Stranger Things,6,75184478,10788052,2025-12-26 15:53:39,2025-12-26 15:53:40,5
64923208,,Stranger Things,7,75184478,10788053,2025-12-26 15:54:01,2025-12-26 15:54:01,5
64923193,,Stranger Things,8,75184478,10788054,2026-01-03 12:26:06,2026-01-03 12:26:06,5
69213474,,SAKAMOTO DAYS,6,75184478,10799922,2025-02-20 08:07:21,2025-02-20 08:07:21,1
69156859,,SAKAMOTO DAYS,9,75184478,10799925,2025-03-12 15:36:49,2025-03-12 15:36:49,1
69213472,,SAKAMOTO DAYS,12,75184478,10799928,2025-08-14 04:26:14,2025-08-14 04:26:14,1
68885715,,The Apothecary Diaries,24,75184478,10842652,2026-01-09 10:37:38,2026-01-09 10:37:38,2
69063841,,Solo Leveling,3,75184478,10843935,2025-01-18 18:15:50,2025-01-18 18:15:50,2
69063841,,Solo Leveling,7,75184478,10843939,2025-02-15 21:12:42,2025-02-15 21:12:42,2
68718040,,Wednesday,4,75184478,10927587,2025-08-26 16:13:50,2025-08-26 16:13:52,2
69316413,,The Beginning After the End,12,75184478,11021549,2025-08-14 04:25:55,2025-08-14 04:25:55,1
69308598,,To Be Hero X,8,75184478,11055680,2025-06-05 16:23:40,2025-06-05 16:23:40,1
69308598,,To Be Hero X,9,75184478,11055682,2025-06-05 16:23:47,2025-06-05 16:23:47,1
69308596,,To Be Hero X,13,75184478,11065312,2025-07-04 03:37:07,2025-07-04 03:37:09,1
65111900,,One Piece,40,75184478,11069448,2025-04-14 11:47:27,2025-04-14 11:47:27,22
69308594,,To Be Hero X,17,75184478,11069546,2025-10-12 16:26:09,2025-10-12 16:26:09,1
69308594,,To Be Hero X,18,75184478,11069547,2025-10-17 17:35:31,2025-10-17 17:35:34,1
69308591,,To Be Hero X,19,75184478,11069548,2025-10-17 17:35:47,2025-10-17 17:35:47,1
69308590,,To Be Hero X,20,75184478,11069549,2025-10-17 17:35:56,2025-10-17 17:35:56,1
69308588,,To Be Hero X,24,75184478,11069553,2025-10-21 07:54:23,2025-10-21 07:54:23,1
69280760,,Takopi's Original Sin,2,75184478,11154060,2025-07-12 19:29:11,2025-07-12 19:29:13,1
65441952,,Alice in Borderland (2020),1,75184478,11156503,2025-09-26 13:18:54,2025-09-26 13:18:54,3
65441952,,Alice in Borderland (2020),3,75184478,11167778,2025-09-26 19:36:16,2025-09-26 19:36:16,3
65111375,,One Piece,46,75184478,11173624,2025-06-05 04:02:25,2025-06-05 04:02:26,22
65111375,,One Piece,47,75184478,11173627,2025-06-08 19:09:22,2025-06-08 19:09:22,22
69030021,,Kaiju No. 8,7,75184478,11209912,2025-09-05 13:15:26,2025-09-05 13:15:26,2
69030011,,Kaiju No. 8,8,75184478,11209913,2025-09-07 17:39:11,2025-09-07 17:39:11,2
69324744,,Gachiakuta,16,75184478,11221454,2025-12-26 18:02:48,2025-12-26 18:02:49,1
69324742,,Gachiakuta,19,75184478,11221457,2026-01-14 12:07:03,2026-01-14 12:07:03,1
69363606,,The Fragrant Flower Blooms with Dignity,7,75184478,11226952,2025-08-21 20:20:40,2025-08-21 20:20:40,1
69363602,,The Fragrant Flower Blooms with Dignity,9,75184478,11226954,2025-09-05 13:18:13,2025-09-05 13:18:13,1
69363602,,The Fragrant Flower Blooms with Dignity,10,75184478,11226955,2025-09-15 22:30:55,2025-09-15 22:30:55,1
65111900,,One Piece,57,75184478,11325923,2025-09-09 04:12:29,2025-09-09 04:12:29,22
65111900,,One Piece,58,75184478,11327053,2025-09-17 18:51:30,2025-09-17 18:51:34,22
64362245,,My Hero Academia,10,75184478,11377552,2025-12-29 09:04:43,2025-12-29 09:04:44,8
64362251,,My Hero Academia,11,75184478,11377555,2025-12-29 09:04:52,2025-12-29 09:04:52,8
68365750,,ONE PIECE (2023),2,75184478,11426052,2026-03-16 14:57:27,2026-03-16 14:57:27,2
68365750,,ONE PIECE (2023),8,75184478,11426058,2026-04-05 05:47:07,2026-04-05 05:47:07,2
65111354,,One Piece,65,75184478,11445271,2025-11-16 22:23:24,2025-11-16 22:23:24,22
69012507,,Frieren: Beyond Journey's End,3,75184478,11447766,2026-02-07 17:27:18,2026-02-07 17:27:18,2
68901202,,Frieren: Beyond Journey's End,7,75184478,11447770,2026-03-23 13:26:14,2026-03-23 13:26:16,2
69012507,,Frieren: Beyond Journey's End,8,75184478,11447771,2026-03-23 13:26:23,2026-03-23 13:26:23,2
68901202,,Frieren: Beyond Journey's End,9,75184478,11447772,2026-04-26 07:43:20,2026-04-26 07:43:20,2
69448826,,Record of Ragnarok,2,75184478,11501919,2026-01-24 17:23:09,2026-01-24 17:23:09,3
69448826,,Record of Ragnarok,3,75184478,11501920,2026-01-24 17:45:59,2026-01-24 17:46:03,3
68786181,,Record of Ragnarok,11,75184478,11501928,2026-01-26 09:45:27,2026-01-26 09:45:27,3
69450082,,Record of Ragnarok,12,75184478,11501929,2026-01-26 09:46:03,2026-01-26 09:46:03,3
69450082,,Record of Ragnarok,13,75184478,11501930,2026-01-26 15:36:12,2026-01-26 15:36:13,3
69450082,,Record of Ragnarok,14,75184478,11501931,2026-01-26 15:36:21,2026-01-26 15:36:23,3
68786181,,Record of Ragnarok,15,75184478,11501932,2026-01-26 15:36:28,2026-01-26 15:36:33,3
69446567,,Bhay: The Gaurav Tiwari Mystery,6,75184478,11504846,2026-02-15 07:32:43,2026-02-15 07:32:44,1
69446567,,Bhay: The Gaurav Tiwari Mystery,7,75184478,11504847,2026-02-15 07:32:57,2026-02-15 07:32:57,1
69450112,,Sentenced to Be a Hero,2,75184478,11506126,2026-01-16 08:33:57,2026-01-16 08:33:57,1
69446567,,Bhay: The Gaurav Tiwari Mystery,8,75184478,11509804,2026-02-15 07:33:04,2026-02-15 07:33:04,1
69450112,,Sentenced to Be a Hero,5,75184478,11518447,2026-02-09 17:09:47,2026-02-09 17:09:47,1
69450112,,Sentenced to Be a Hero,6,75184478,11518448,2026-02-14 03:11:35,2026-02-14 03:11:35,1
68849422,,Hell's Paradise,2,75184478,11522443,2026-01-20 14:48:21,2026-01-20 14:48:21,2
69466897,,Hell's Paradise,4,75184478,11522445,2026-03-04 10:18:17,2026-03-04 10:18:17,2
65530792,,JUJUTSU KAISEN,7,75184478,11547977,2026-03-30 13:43:24,2026-03-30 13:43:24,3
69071841,,JUJUTSU KAISEN,12,75184478,11547982,2026-04-16 14:47:08,2026-04-16 14:47:08,3
65710119,,Classroom of the Elite,4,75184478,11636324,2026-04-06 07:36:41,2026-04-06 07:36:41,4
69348823,,Off Campus,2,75184478,11686623,2026-05-18 11:00:46,2026-05-18 11:00:51,1
69348823,,Off Campus,5,75184478,11686626,2026-06-25 16:21:29,2026-06-25 16:21:30,1
69489970,,Witch Hat Atelier,3,75184478,11697831,2026-06-18 09:34:04,2026-06-18 09:34:04,1
69489970,,Witch Hat Atelier,4,75184478,11697832,2026-06-18 09:34:28,2026-06-18 09:34:28,1
65710119,,Classroom of the Elite,13,75184478,11704263,2026-06-05 11:19:45,2026-06-05 11:19:45,4
63378384,,Dr. STONE,26,75184478,11714033,2026-04-14 07:09:42,2026-04-14 07:09:42,4
63378384,,Dr. STONE,31,75184478,11714042,2026-05-20 09:45:53,2026-05-20 09:45:53,4
64425734,,"Re: ZERO, Starting Life in Another World",1,75184478,11714303,2026-06-15 04:19:55,2026-06-15 04:19:55,4
64425734,,"Re: ZERO, Starting Life in Another World",2,75184478,11714304,2026-06-15 04:19:58,2026-06-15 04:19:58,4
64425734,,"Re: ZERO, Starting Life in Another World",3,75184478,11714305,2026-06-15 04:20:02,2026-06-15 04:20:02,4
64425734,,"Re: ZERO, Starting Life in Another World",4,75184478,11714306,2026-06-15 04:20:06,2026-06-15 04:20:06,4
64425734,,"Re: ZERO, Starting Life in Another World",5,75184478,11714307,2026-06-15 04:20:11,2026-06-15 04:20:11,4
65660855,,"Re: ZERO, Starting Life in Another World",6,75184478,11714308,2026-06-15 04:20:16,2026-06-15 04:20:18,4
64425734,,"Re: ZERO, Starting Life in Another World",8,75184478,11714310,2026-06-15 14:52:45,2026-06-15 14:52:45,4
