user_id,date,created_at,updated_at,source
75184478,2023-12-22 00:00:00 +0000 UTC,2023-12-22 06:31:44,2023-12-22 06:31:44,
75184478,2023-12-23 00:00:00 +0000 UTC,2023-12-23 02:21:27,2023-12-23 02:21:27,
75184478,2023-12-24 00:00:00 +0000 UTC,2023-12-24 05:31:58,2023-12-24 05:31:58,
75184478,2023-12-25 00:00:00 +0000 UTC,2023-12-25 01:53:09,2023-12-25 01:53:09,
75184478,2023-12-26 00:00:00 +0000 UTC,2023-12-26 00:11:42,2023-12-26 00:11:42,
75184478,2023-12-27 00:00:00 +0000 UTC,2023-12-27 04:00:49,2023-12-27 04:00:49,
75184478,2023-12-28 00:00:00 +0000 UTC,2023-12-28 09:22:46,2023-12-28 09:22:46,
75184478,2023-12-29 00:00:00 +0000 UTC,2023-12-29 10:28:11,2023-12-29 10:28:11,
75184478,2023-12-30 00:00:00 +0000 UTC,2023-12-30 01:55:42,2023-12-30 01:55:42,
75184478,2023-12-31 00:00:00 +0000 UTC,2023-12-31 02:35:31,2023-12-31 02:35:31,
75184478,2024-01-01 00:00:00 +0000 UTC,2024-01-01 04:52:53,2024-01-01 04:52:53,
75184478,2024-01-02 00:00:00 +0000 UTC,2024-01-02 11:04:09,2024-01-02 11:04:09,
75184478,2024-01-03 00:00:00 +0000 UTC,2024-01-03 10:15:20,2024-01-03 10:15:20,
75184478,2024-01-04 00:00:00 +0000 UTC,2024-01-04 03:46:28,2024-01-04 03:46:28,
75184478,2024-01-05 00:00:00 +0000 UTC,2024-01-05 05:41:53,2024-01-05 05:41:53,
75184478,2024-01-06 00:00:00 +0000 UTC,2024-01-06 02:22:01,2024-01-06 02:22:01,
75184478,2024-01-07 00:00:00 +0000 UTC,2024-01-07 03:47:46,2024-01-07 03:47:46,
75184478,2024-01-08 00:00:00 +0000 UTC,2024-01-08 05:16:06,2024-01-08 05:16:06,
75184478,2024-01-09 00:00:00 +0000 UTC,2024-01-09 02:44:30,2024-01-09 02:44:30,
75184478,2024-01-10 00:00:00 +0000 UTC,2024-01-10 04:41:17,2024-01-10 04:41:17,
75184478,2024-01-11 00:00:00 +0000 UTC,2024-01-11 13:28:26,2024-01-11 13:28:26,
75184478,2024-01-12 00:00:00 +0000 UTC,2024-01-12 03:15:47,2024-01-12 03:15:47,
75184478,2024-01-13 00:00:00 +0000 UTC,2024-01-13 07:11:29,2024-01-13 07:11:29,
75184478,2024-01-14 00:00:00 +0000 UTC,2024-01-14 05:24:56,2024-01-14 05:24:56,
75184478,2024-01-15 00:00:00 +0000 UTC,2024-01-15 06:12:50,2024-01-15 06:12:50,
75184478,2024-01-16 00:00:00 +0000 UTC,2024-01-16 05:28:56,2024-01-16 05:28:56,
75184478,2024-01-17 00:00:00 +0000 UTC,2024-01-17 04:50:41,2024-01-17 04:50:41,
75184478,2024-01-18 00:00:00 +0000 UTC,2024-01-18 18:54:52,2024-01-18 18:54:52,
75184478,2024-01-19 00:00:00 +0000 UTC,2024-01-19 10:20:59,2024-01-19 10:20:59,
75184478,2024-01-20 00:00:00 +0000 UTC,2024-01-20 04:59:30,2024-01-20 04:59:30,
75184478,2024-01-21 00:00:00 +0000 UTC,2024-01-21 05:16:27,2024-01-21 05:16:27,
75184478,2024-01-22 00:00:00 +0000 UTC,2024-01-22 08:04:56,2024-01-22 08:04:56,
75184478,2024-01-24 00:00:00 +0000 UTC,2024-01-24 07:16:08,2024-01-24 07:16:08,
75184478,2024-01-25 00:00:00 +0000 UTC,2024-01-25 16:01:50,2024-01-25 16:01:50,
75184478,2024-01-26 00:00:00 +0000 UTC,2024-01-26 03:19:12,2024-01-26 03:19:12,
75184478,2024-01-27 00:00:00 +0000 UTC,2024-01-27 04:25:25,2024-01-27 04:25:25,
75184478,2024-01-28 00:00:00 +0000 UTC,2024-01-28 04:12:07,2024-01-28 04:12:07,
75184478,2024-01-29 00:00:00 +0000 UTC,2024-01-29 06:20:55,2024-01-29 06:20:55,
75184478,2024-01-30 00:00:00 +0000 UTC,2024-01-30 04:21:37,2024-01-30 04:21:37,
75184478,2024-01-31 00:00:00 +0000 UTC,2024-01-31 10:02:24,2024-01-31 10:02:24,
75184478,2024-02-01 00:00:00 +0000 UTC,2024-02-01 08:50:59,2024-02-01 08:50:59,
75184478,2024-02-02 00:00:00 +0000 UTC,2024-02-02 02:11:05,2024-02-02 02:11:05,
75184478,2024-02-03 00:00:00 +0000 UTC,2024-02-03 09:23:04,2024-02-03 09:23:04,
75184478,2024-02-04 00:00:00 +0000 UTC,2024-02-04 02:21:03,2024-02-04 02:21:03,
75184478,2024-02-05 00:00:00 +0000 UTC,2024-02-05 16:22:15,2024-02-05 16:22:15,
75184478,2024-02-06 00:00:00 +0000 UTC,2024-02-06 16:10:02,2024-02-06 16:10:02,
75184478,2024-02-07 00:00:00 +0000 UTC,2024-02-07 13:25:27,2024-02-07 13:25:27,
75184478,2024-02-08 00:00:00 +0000 UTC,2024-02-08 04:15:42,2024-02-08 04:15:42,
75184478,2024-02-11 00:00:00 +0000 UTC,2024-02-11 07:33:39,2024-02-11 07:33:39,
75184478,2024-02-13 00:00:00 +0000 UTC,2024-02-13 08:09:57,2024-02-13 08:09:57,
75184478,2024-02-16 00:00:00 +0000 UTC,2024-02-16 10:09:31,2024-02-16 10:09:31,
75184478,2024-02-17 00:00:00 +0000 UTC,2024-02-17 11:59:24,2024-02-17 11:59:24,
75184478,2024-02-19 00:00:00 +0000 UTC,2024-02-19 09:53:04,2024-02-19 09:53:04,
75184478,2024-02-20 00:00:00 +0000 UTC,2024-02-20 02:31:57,2024-02-20 02:31:57,
75184478,2024-02-21 00:00:00 +0000 UTC,2024-02-21 07:07:52,2024-02-21 07:07:52,
75184478,2024-02-24 00:00:00 +0000 UTC,2024-02-24 04:08:49,2024-02-24 04:08:49,
75184478,2024-02-25 00:00:00 +0000 UTC,2024-02-25 04:58:46,2024-02-25 04:58:46,
75184478,2024-02-26 00:00:00 +0000 UTC,2024-02-26 01:23:13,2024-02-26 01:23:13,
75184478,2024-02-27 00:00:00 +0000 UTC,2024-02-27 05:36:21,2024-02-27 05:36:21,
75184478,2024-02-28 00:00:00 +0000 UTC,2024-02-28 04:24:10,2024-02-28 04:24:10,
75184478,2024-03-02 00:00:00 +0000 UTC,2024-03-02 13:06:12,2024-03-02 13:06:12,
75184478,2024-03-03 00:00:00 +0000 UTC,2024-03-03 10:18:32,2024-03-03 10:18:32,
75184478,2024-03-04 00:00:00 +0000 UTC,2024-03-04 07:38:13,2024-03-04 07:38:13,
75184478,2024-03-05 00:00:00 +0000 UTC,2024-03-05 13:18:59,2024-03-05 13:18:59,
75184478,2024-03-06 00:00:00 +0000 UTC,2024-03-06 05:22:12,2024-03-06 05:22:12,
75184478,2024-03-07 00:00:00 +0000 UTC,2024-03-07 11:27:43,2024-03-07 11:27:43,
75184478,2024-03-08 00:00:00 +0000 UTC,2024-03-08 12:56:26,2024-03-08 12:56:26,
75184478,2024-03-10 00:00:00 +0000 UTC,2024-03-10 12:54:52,2024-03-10 12:54:52,
75184478,2024-03-11 00:00:00 +0000 UTC,2024-03-11 11:51:04,2024-03-11 11:51:04,
75184478,2024-03-12 00:00:00 +0000 UTC,2024-03-12 05:30:39,2024-03-12 05:30:39,
75184478,2024-03-13 00:00:00 +0000 UTC,2024-03-13 07:59:41,2024-03-13 07:59:41,
75184478,2024-03-15 00:00:00 +0000 UTC,2024-03-15 16:29:43,2024-03-15 16:29:43,
75184478,2024-03-16 00:00:00 +0000 UTC,2024-03-16 10:13:24,2024-03-16 10:13:24,
75184478,2024-03-17 00:00:00 +0000 UTC,2024-03-17 03:24:55,2024-03-17 03:24:55,
75184478,2024-03-18 00:00:00 +0000 UTC,2024-03-18 17:03:34,2024-03-18 17:03:34,
75184478,2024-03-19 00:00:00 +0000 UTC,2024-03-19 12:16:44,2024-03-19 12:16:44,
75184478,2024-03-21 00:00:00 +0000 UTC,2024-03-21 04:58:45,2024-03-21 04:58:45,
75184478,2024-03-22 00:00:00 +0000 UTC,2024-03-22 17:10:29,2024-03-22 17:10:29,
75184478,2024-03-23 00:00:00 +0000 UTC,2024-03-23 02:33:15,2024-03-23 02:33:15,
75184478,2024-03-24 00:00:00 +0000 UTC,2024-03-24 09:13:49,2024-03-24 09:13:49,
75184478,2024-03-25 00:00:00 +0000 UTC,2024-03-25 12:43:18,2024-03-25 12:43:18,
75184478,2024-03-26 00:00:00 +0000 UTC,2024-03-26 05:25:58,2024-03-26 05:25:58,
75184478,2024-03-27 00:00:00 +0000 UTC,2024-03-27 13:49:32,2024-03-27 13:49:32,
75184478,2024-03-30 00:00:00 +0000 UTC,2024-03-30 10:52:41,2024-03-30 10:52:41,
75184478,2024-03-31 00:00:00 +0000 UTC,2024-03-31 06:16:53,2024-03-31 06:16:53,
75184478,2024-04-01 00:00:00 +0000 UTC,2024-04-01 14:21:19,2024-04-01 14:21:19,
75184478,2024-04-02 00:00:00 +0000 UTC,2024-04-02 04:11:15,2024-04-02 04:11:15,
75184478,2024-04-03 00:00:00 +0000 UTC,2024-04-03 09:07:56,2024-04-03 09:07:56,
75184478,2024-04-04 00:00:00 +0000 UTC,2024-04-04 12:33:07,2024-04-04 12:33:07,
75184478,2024-04-05 00:00:00 +0000 UTC,2024-04-05 17:02:27,2024-04-05 17:02:27,
75184478,2024-04-06 00:00:00 +0000 UTC,2024-04-06 05:32:32,2024-04-06 05:32:32,
75184478,2024-04-07 00:00:00 +0000 UTC,2024-04-07 04:50:56,2024-04-07 04:50:56,
75184478,2024-04-08 00:00:00 +0000 UTC,2024-04-08 04:20:58,2024-04-08 04:20:58,
75184478,2024-04-09 00:00:00 +0000 UTC,2024-04-09 13:19:15,2024-04-09 13:19:15,
75184478,2024-04-10 00:00:00 +0000 UTC,2024-04-10 08:09:25,2024-04-10 08:09:25,
75184478,2024-04-11 00:00:00 +0000 UTC,2024-04-11 05:26:40,2024-04-11 05:26:40,
75184478,2024-04-12 00:00:00 +0000 UTC,2024-04-12 03:16:21,2024-04-12 03:16:21,
75184478,2024-04-13 00:00:00 +0000 UTC,2024-04-13 14:24:04,2024-04-13 14:24:04,
75184478,2024-04-14 00:00:00 +0000 UTC,2024-04-14 14:37:44,2024-04-14 14:37:44,
75184478,2024-04-18 00:00:00 +0000 UTC,2024-04-18 12:51:55,2024-04-18 12:51:55,
75184478,2024-04-20 00:00:00 +0000 UTC,2024-04-20 05:21:25,2024-04-20 05:21:25,
75184478,2024-04-22 00:00:00 +0000 UTC,2024-04-22 09:22:32,2024-04-22 09:22:32,
75184478,2024-04-23 00:00:00 +0000 UTC,2024-04-23 05:08:43,2024-04-23 05:08:43,
75184478,2024-04-27 00:00:00 +0000 UTC,2024-04-27 05:07:19,2024-04-27 05:07:19,
75184478,2024-04-28 00:00:00 +0000 UTC,2024-04-28 11:36:06,2024-04-28 11:36:06,
75184478,2024-04-29 00:00:00 +0000 UTC,2024-04-29 12:40:35,2024-04-29 12:40:35,
75184478,2024-04-30 00:00:00 +0000 UTC,2024-04-30 16:04:23,2024-04-30 16:04:23,
75184478,2024-05-04 00:00:00 +0000 UTC,2024-05-04 06:01:10,2024-05-04 06:01:10,
75184478,2024-05-05 00:00:00 +0000 UTC,2024-05-05 07:31:15,2024-05-05 07:31:15,
75184478,2024-05-06 00:00:00 +0000 UTC,2024-05-06 17:00:52,2024-05-06 17:00:52,
75184478,2024-05-07 00:00:00 +0000 UTC,2024-05-07 16:32:26,2024-05-07 16:32:26,
75184478,2024-05-08 00:00:00 +0000 UTC,2024-05-08 16:15:36,2024-05-08 16:15:36,
75184478,2024-05-10 00:00:00 +0000 UTC,2024-05-10 09:50:21,2024-05-10 09:50:21,
75184478,2024-05-12 00:00:00 +0000 UTC,2024-05-12 03:14:59,2024-05-12 03:14:59,
75184478,2024-05-13 00:00:00 +0000 UTC,2024-05-13 13:04:54,2024-05-13 13:04:54,
75184478,2024-05-14 00:00:00 +0000 UTC,2024-05-14 08:03:35,2024-05-14 08:03:35,
75184478,2024-05-15 00:00:00 +0000 UTC,2024-05-15 02:34:42,2024-05-15 02:34:42,
75184478,2024-05-16 00:00:00 +0000 UTC,2024-05-16 08:40:19,2024-05-16 08:40:19,
75184478,2024-05-17 00:00:00 +0000 UTC,2024-05-17 15:19:01,2024-05-17 15:19:01,
75184478,2024-05-18 00:00:00 +0000 UTC,2024-05-18 05:48:49,2024-05-18 05:48:49,
75184478,2024-05-19 00:00:00 +0000 UTC,2024-05-19 08:21:30,2024-05-19 08:21:30,
75184478,2024-05-20 00:00:00 +0000 UTC,2024-05-20 06:20:07,2024-05-20 06:20:07,
75184478,2024-05-22 00:00:00 +0000 UTC,2024-05-22 02:11:51,2024-05-22 02:11:51,
75184478,2024-05-23 00:00:00 +0000 UTC,2024-05-23 08:38:24,2024-05-23 08:38:24,
75184478,2024-05-24 00:00:00 +0000 UTC,2024-05-24 17:25:00,2024-05-24 17:25:00,
75184478,2024-05-25 00:00:00 +0000 UTC,2024-05-25 03:31:09,2024-05-25 03:31:09,
75184478,2024-05-26 00:00:00 +0000 UTC,2024-05-26 03:15:56,2024-05-26 03:15:56,
75184478,2024-05-27 00:00:00 +0000 UTC,2024-05-27 13:55:41,2024-05-27 13:55:41,
75184478,2024-05-28 00:00:00 +0000 UTC,2024-05-28 03:07:03,2024-05-28 03:07:03,
75184478,2024-05-31 00:00:00 +0000 UTC,2024-05-31 15:21:50,2024-05-31 15:21:50,
75184478,2024-06-01 00:00:00 +0000 UTC,2024-06-01 11:39:56,2024-06-01 11:39:56,
75184478,2024-06-02 00:00:00 +0000 UTC,2024-06-02 05:16:37,2024-06-02 05:16:37,
75184478,2024-06-03 00:00:00 +0000 UTC,2024-06-03 08:00:01,2024-06-03 08:00:01,
75184478,2024-06-04 00:00:00 +0000 UTC,2024-06-04 02:39:48,2024-06-04 02:39:48,
75184478,2024-06-05 00:00:00 +0000 UTC,2024-06-05 08:38:56,2024-06-05 08:38:56,
75184478,2024-06-06 00:00:00 +0000 UTC,2024-06-06 12:05:39,2024-06-06 12:05:39,
75184478,2024-06-07 00:00:00 +0000 UTC,2024-06-07 12:03:54,2024-06-07 12:03:54,
75184478,2024-06-08 00:00:00 +0000 UTC,2024-06-08 02:28:08,2024-06-08 02:28:08,
75184478,2024-06-09 00:00:00 +0000 UTC,2024-06-09 10:25:40,2024-06-09 10:25:40,
75184478,2024-06-10 00:00:00 +0000 UTC,2024-06-10 14:12:45,2024-06-10 14:12:45,
75184478,2024-06-11 00:00:00 +0000 UTC,2024-06-11 06:12:09,2024-06-11 06:12:09,
75184478,2024-06-12 00:00:00 +0000 UTC,2024-06-12 03:04:05,2024-06-12 03:04:05,
75184478,2024-06-13 00:00:00 +0000 UTC,2024-06-13 06:38:38,2024-06-13 06:38:38,
75184478,2024-06-14 00:00:00 +0000 UTC,2024-06-14 11:48:26,2024-06-14 11:48:26,
75184478,2024-06-15 00:00:00 +0000 UTC,2024-06-15 04:13:33,2024-06-15 04:13:33,
75184478,2024-06-16 00:00:00 +0000 UTC,2024-06-16 03:44:53,2024-06-16 03:44:53,
75184478,2024-06-17 00:00:00 +0000 UTC,2024-06-17 04:04:27,2024-06-17 04:04:27,
75184478,2024-06-18 00:00:00 +0000 UTC,2024-06-18 05:04:06,2024-06-18 05:04:06,
75184478,2024-06-19 00:00:00 +0000 UTC,2024-06-19 02:52:44,2024-06-19 02:52:44,
75184478,2024-06-20 00:00:00 +0000 UTC,2024-06-20 12:42:36,2024-06-20 12:42:36,
75184478,2024-06-21 00:00:00 +0000 UTC,2024-06-21 12:21:15,2024-06-21 12:21:15,
75184478,2024-06-22 00:00:00 +0000 UTC,2024-06-22 02:33:26,2024-06-22 02:33:26,
75184478,2024-06-23 00:00:00 +0000 UTC,2024-06-23 03:51:37,2024-06-23 03:51:37,
75184478,2024-06-24 00:00:00 +0000 UTC,2024-06-24 07:53:19,2024-06-24 07:53:19,
75184478,2024-06-25 00:00:00 +0000 UTC,2024-06-25 02:47:55,2024-06-25 02:47:55,
75184478,2024-06-26 00:00:00 +0000 UTC,2024-06-26 02:01:11,2024-06-26 02:01:11,
75184478,2024-06-27 00:00:00 +0000 UTC,2024-06-27 05:09:40,2024-06-27 05:09:40,
75184478,2024-06-28 00:00:00 +0000 UTC,2024-06-28 12:46:47,2024-06-28 12:46:47,
75184478,2024-06-29 00:00:00 +0000 UTC,2024-06-29 04:52:58,2024-06-29 04:52:58,
75184478,2024-06-30 00:00:00 +0000 UTC,2024-06-30 06:31:30,2024-06-30 06:31:30,
75184478,2024-07-01 00:00:00 +0000 UTC,2024-07-01 00:27:40,2024-07-01 00:27:40,
75184478,2024-07-02 00:00:00 +0000 UTC,2024-07-02 03:21:48,2024-07-02 03:21:48,
75184478,2024-07-03 00:00:00 +0000 UTC,2024-07-03 08:51:31,2024-07-03 08:51:31,
75184478,2024-07-04 00:00:00 +0000 UTC,2024-07-04 02:59:22,2024-07-04 02:59:22,
75184478,2024-07-05 00:00:00 +0000 UTC,2024-07-05 07:40:50,2024-07-05 07:40:50,
75184478,2024-07-06 00:00:00 +0000 UTC,2024-07-06 06:34:06,2024-07-06 06:34:06,
75184478,2024-07-07 00:00:00 +0000 UTC,2024-07-07 02:27:45,2024-07-07 02:27:45,
75184478,2024-07-08 00:00:00 +0000 UTC,2024-07-08 05:15:35,2024-07-08 05:15:35,
75184478,2024-07-09 00:00:00 +0000 UTC,2024-07-09 07:56:29,2024-07-09 07:56:29,
75184478,2024-07-10 00:00:00 +0000 UTC,2024-07-10 04:37:40,2024-07-10 04:37:40,
75184478,2024-07-11 00:00:00 +0000 UTC,2024-07-11 05:06:20,2024-07-11 05:06:20,
75184478,2024-07-12 00:00:00 +0000 UTC,2024-07-12 07:55:44,2024-07-12 07:55:44,
75184478,2024-07-13 00:00:00 +0000 UTC,2024-07-13 05:38:33,2024-07-13 05:38:33,
75184478,2024-07-14 00:00:00 +0000 UTC,2024-07-14 02:23:39,2024-07-14 02:23:39,
75184478,2024-07-15 00:00:00 +0000 UTC,2024-07-15 10:08:10,2024-07-15 10:08:10,
75184478,2024-07-16 00:00:00 +0000 UTC,2024-07-16 04:23:49,2024-07-16 04:23:49,
75184478,2024-07-17 00:00:00 +0000 UTC,2024-07-17 15:24:42,2024-07-17 15:24:42,
75184478,2024-07-18 00:00:00 +0000 UTC,2024-07-18 02:30:46,2024-07-18 02:30:46,
75184478,2024-07-19 00:00:00 +0000 UTC,2024-07-19 10:04:25,2024-07-19 10:04:25,
75184478,2024-07-20 00:00:00 +0000 UTC,2024-07-20 02:10:48,2024-07-20 02:10:48,
75184478,2024-07-21 00:00:00 +0000 UTC,2024-07-21 02:02:15,2024-07-21 02:02:15,
75184478,2024-07-22 00:00:00 +0000 UTC,2024-07-22 02:49:12,2024-07-22 02:49:12,
75184478,2024-07-23 00:00:00 +0000 UTC,2024-07-23 14:21:15,2024-07-23 14:21:15,
75184478,2024-07-24 00:00:00 +0000 UTC,2024-07-24 09:02:04,2024-07-24 09:02:04,
75184478,2024-07-25 00:00:00 +0000 UTC,2024-07-25 05:46:26,2024-07-25 05:46:26,
75184478,2024-07-26 00:00:00 +0000 UTC,2024-07-26 02:32:25,2024-07-26 02:32:25,
75184478,2024-07-27 00:00:00 +0000 UTC,2024-07-27 00:22:17,2024-07-27 00:22:17,
75184478,2024-07-28 00:00:00 +0000 UTC,2024-07-28 02:29:19,2024-07-28 02:29:19,
75184478,2024-07-29 00:00:00 +0000 UTC,2024-07-29 04:22:28,2024-07-29 04:22:28,
75184478,2024-07-30 00:00:00 +0000 UTC,2024-07-30 03:07:29,2024-07-30 03:07:29,
75184478,2024-07-31 00:00:00 +0000 UTC,2024-07-31 03:27:53,2024-07-31 03:27:53,
75184478,2024-08-01 00:00:00 +0000 UTC,2024-08-01 02:56:10,2024-08-01 02:56:10,
75184478,2024-08-02 00:00:00 +0000 UTC,2024-08-02 16:02:06,2024-08-02 16:02:06,
75184478,2024-08-03 00:00:00 +0000 UTC,2024-08-03 00:30:05,2024-08-03 00:30:05,
75184478,2024-08-04 00:00:00 +0000 UTC,2024-08-04 03:19:19,2024-08-04 03:19:19,
75184478,2024-08-05 00:00:00 +0000 UTC,2024-08-05 03:56:16,2024-08-05 03:56:16,
75184478,2024-08-07 00:00:00 +0000 UTC,2024-08-07 03:11:04,2024-08-07 03:11:04,
75184478,2024-08-08 00:00:00 +0000 UTC,2024-08-08 04:33:10,2024-08-08 04:33:10,
75184478,2024-08-09 00:00:00 +0000 UTC,2024-08-09 04:25:00,2024-08-09 04:25:00,
75184478,2024-08-10 00:00:00 +0000 UTC,2024-08-10 12:48:11,2024-08-10 12:48:11,
75184478,2024-08-11 00:00:00 +0000 UTC,2024-08-11 02:05:29,2024-08-11 02:05:29,
75184478,2024-08-12 00:00:00 +0000 UTC,2024-08-12 05:31:08,2024-08-12 05:31:08,
75184478,2024-08-14 00:00:00 +0000 UTC,2024-08-14 08:12:38,2024-08-14 08:12:38,
75184478,2024-08-15 00:00:00 +0000 UTC,2024-08-15 05:22:56,2024-08-15 05:22:56,
75184478,2024-08-16 00:00:00 +0000 UTC,2024-08-16 09:32:11,2024-08-16 09:32:11,
75184478,2024-08-17 00:00:00 +0000 UTC,2024-08-17 02:37:07,2024-08-17 02:37:07,
75184478,2024-08-18 00:00:00 +0000 UTC,2024-08-18 01:58:01,2024-08-18 01:58:01,
75184478,2024-08-19 00:00:00 +0000 UTC,2024-08-19 02:52:30,2024-08-19 02:52:30,
75184478,2024-08-20 00:00:00 +0000 UTC,2024-08-20 02:08:03,2024-08-20 02:08:03,
75184478,2024-08-21 00:00:00 +0000 UTC,2024-08-21 05:01:18,2024-08-21 05:01:18,
75184478,2024-08-22 00:00:00 +0000 UTC,2024-08-22 02:08:46,2024-08-22 02:08:46,
75184478,2024-08-23 00:00:00 +0000 UTC,2024-08-23 05:18:32,2024-08-23 05:18:32,
75184478,2024-08-24 00:00:00 +0000 UTC,2024-08-24 05:14:12,2024-08-24 05:14:12,
75184478,2024-08-25 00:00:00 +0000 UTC,2024-08-25 05:10:45,2024-08-25 05:10:45,
75184478,2024-08-26 00:00:00 +0000 UTC,2024-08-26 04:38:23,2024-08-26 04:38:23,
75184478,2024-08-27 00:00:00 +0000 UTC,2024-08-27 17:22:52,2024-08-27 17:22:52,
75184478,2024-08-28 00:00:00 +0000 UTC,2024-08-28 09:32:57,2024-08-28 09:32:57,
75184478,2024-08-29 00:00:00 +0000 UTC,2024-08-29 11:42:46,2024-08-29 11:42:46,
75184478,2024-08-30 00:00:00 +0000 UTC,2024-08-30 15:56:36,2024-08-30 15:56:36,
75184478,2024-08-31 00:00:00 +0000 UTC,2024-08-31 08:43:11,2024-08-31 08:43:11,
75184478,2024-09-01 00:00:00 +0000 UTC,2024-09-01 04:40:29,2024-09-01 04:40:29,
75184478,2024-09-02 00:00:00 +0000 UTC,2024-09-02 04:31:30,2024-09-02 04:31:30,
75184478,2024-09-05 00:00:00 +0000 UTC,2024-09-05 10:37:16,2024-09-05 10:37:16,
75184478,2024-09-06 00:00:00 +0000 UTC,2024-09-06 14:54:44,2024-09-06 14:54:44,
75184478,2024-09-07 00:00:00 +0000 UTC,2024-09-07 08:30:23,2024-09-07 08:30:23,
75184478,2024-09-08 00:00:00 +0000 UTC,2024-09-08 05:32:28,2024-09-08 05:32:28,
75184478,2024-09-09 00:00:00 +0000 UTC,2024-09-09 16:20:24,2024-09-09 16:20:24,
75184478,2024-09-10 00:00:00 +0000 UTC,2024-09-10 04:48:51,2024-09-10 04:48:51,
75184478,2024-09-11 00:00:00 +0000 UTC,2024-09-11 08:39:51,2024-09-11 08:39:51,
75184478,2024-09-12 00:00:00 +0000 UTC,2024-09-12 00:15:46,2024-09-12 00:15:46,
75184478,2024-09-13 00:00:00 +0000 UTC,2024-09-13 05:13:20,2024-09-13 05:13:20,
75184478,2024-09-14 00:00:00 +0000 UTC,2024-09-14 09:49:28,2024-09-14 09:49:28,
75184478,2024-09-15 00:00:00 +0000 UTC,2024-09-15 03:33:10,2024-09-15 03:33:10,
75184478,2024-09-16 00:00:00 +0000 UTC,2024-09-16 03:20:45,2024-09-16 03:20:45,
75184478,2024-09-17 00:00:00 +0000 UTC,2024-09-17 11:22:00,2024-09-17 11:22:00,
75184478,2024-09-18 00:00:00 +0000 UTC,2024-09-18 05:35:46,2024-09-18 05:35:46,
75184478,2024-09-20 00:00:00 +0000 UTC,2024-09-20 14:53:56,2024-09-20 14:53:56,
75184478,2024-09-21 00:00:00 +0000 UTC,2024-09-21 14:22:31,2024-09-21 14:22:31,
75184478,2024-09-22 00:00:00 +0000 UTC,2024-09-22 05:21:57,2024-09-22 05:21:57,
75184478,2024-09-23 00:00:00 +0000 UTC,2024-09-23 04:42:03,2024-09-23 04:42:03,
75184478,2024-09-24 00:00:00 +0000 UTC,2024-09-24 13:56:23,2024-09-24 13:56:23,
75184478,2024-09-25 00:00:00 +0000 UTC,2024-09-25 13:35:34,2024-09-25 13:35:34,
75184478,2024-09-26 00:00:00 +0000 UTC,2024-09-26 10:41:02,2024-09-26 10:41:02,
75184478,2024-09-28 00:00:00 +0000 UTC,2024-09-28 15:40:41,2024-09-28 15:40:41,
75184478,2024-09-29 00:00:00 +0000 UTC,2024-09-29 13:49:39,2024-09-29 13:49:39,
75184478,2024-10-01 00:00:00 +0000 UTC,2024-10-01 10:29:23,2024-10-01 10:29:23,
75184478,2024-10-02 00:00:00 +0000 UTC,2024-10-02 05:54:02,2024-10-02 05:54:02,
75184478,2024-10-03 00:00:00 +0000 UTC,2024-10-03 05:17:58,2024-10-03 05:17:58,
75184478,2024-10-04 00:00:00 +0000 UTC,2024-10-04 09:19:24,2024-10-04 09:19:24,
75184478,2024-10-05 00:00:00 +0000 UTC,2024-10-05 05:04:04,2024-10-05 05:04:04,
75184478,2024-10-06 00:00:00 +0000 UTC,2024-10-06 05:01:29,2024-10-06 05:01:29,
75184478,2024-10-07 00:00:00 +0000 UTC,2024-10-07 04:31:13,2024-10-07 04:31:13,
75184478,2024-10-08 00:00:00 +0000 UTC,2024-10-08 04:42:22,2024-10-08 04:42:22,
75184478,2024-10-09 00:00:00 +0000 UTC,2024-10-09 02:20:44,2024-10-09 02:20:44,
75184478,2024-10-10 00:00:00 +0000 UTC,2024-10-10 13:45:17,2024-10-10 13:45:17,
75184478,2024-10-11 00:00:00 +0000 UTC,2024-10-11 03:13:25,2024-10-11 03:13:25,
75184478,2024-10-12 00:00:00 +0000 UTC,2024-10-12 04:53:47,2024-10-12 04:53:47,
75184478,2024-10-13 00:00:00 +0000 UTC,2024-10-13 09:57:00,2024-10-13 09:57:00,
75184478,2024-10-15 00:00:00 +0000 UTC,2024-10-15 02:46:15,2024-10-15 02:46:15,
75184478,2024-10-16 00:00:00 +0000 UTC,2024-10-16 08:35:20,2024-10-16 08:35:20,
75184478,2024-10-17 00:00:00 +0000 UTC,2024-10-17 12:33:38,2024-10-17 12:33:38,
75184478,2024-10-18 00:00:00 +0000 UTC,2024-10-18 01:36:27,2024-10-18 01:36:27,
75184478,2024-10-19 00:00:00 +0000 UTC,2024-10-19 09:04:30,2024-10-19 09:04:30,
75184478,2024-10-20 00:00:00 +0000 UTC,2024-10-20 02:43:16,2024-10-20 02:43:16,
75184478,2024-10-22 00:00:00 +0000 UTC,2024-10-22 03:52:28,2024-10-22 03:52:28,
75184478,2024-10-23 00:00:00 +0000 UTC,2024-10-23 05:09:17,2024-10-23 05:09:17,
75184478,2024-10-24 00:00:00 +0000 UTC,2024-10-24 04:26:55,2024-10-24 04:26:55,
75184478,2024-10-26 00:00:00 +0000 UTC,2024-10-26 03:31:41,2024-10-26 03:31:41,
75184478,2024-10-27 00:00:00 +0000 UTC,2024-10-27 04:39:47,2024-10-27 04:39:47,
75184478,2024-10-29 00:00:00 +0000 UTC,2024-10-29 12:39:05,2024-10-29 12:39:05,
75184478,2024-10-30 00:00:00 +0000 UTC,2024-10-30 03:54:19,2024-10-30 03:54:19,
75184478,2024-10-31 00:00:00 +0000 UTC,2024-10-31 09:41:38,2024-10-31 09:41:38,
75184478,2024-11-01 00:00:00 +0000 UTC,2024-11-01 14:27:49,2024-11-01 14:27:49,
75184478,2024-11-02 00:00:00 +0000 UTC,2024-11-02 08:48:45,2024-11-02 08:48:45,
75184478,2024-11-03 00:00:00 +0000 UTC,2024-11-03 07:33:59,2024-11-03 07:33:59,
75184478,2024-11-04 00:00:00 +0000 UTC,2024-11-04 01:03:46,2024-11-04 01:03:46,
75184478,2024-11-05 00:00:00 +0000 UTC,2024-11-05 01:37:50,2024-11-05 01:37:50,
75184478,2024-11-06 00:00:00 +0000 UTC,2024-11-06 03:05:22,2024-11-06 03:05:22,
75184478,2024-11-07 00:00:00 +0000 UTC,2024-11-07 05:13:46,2024-11-07 05:13:46,
75184478,2024-11-08 00:00:00 +0000 UTC,2024-11-08 08:13:39,2024-11-08 08:13:39,
75184478,2024-11-09 00:00:00 +0000 UTC,2024-11-09 03:36:31,2024-11-09 03:36:31,
75184478,2024-11-11 00:00:00 +0000 UTC,2024-11-11 03:16:46,2024-11-11 03:16:46,
75184478,2024-11-12 00:00:00 +0000 UTC,2024-11-12 04:29:28,2024-11-12 04:29:28,
75184478,2024-11-13 00:00:00 +0000 UTC,2024-11-13 06:50:29,2024-11-13 06:50:29,
75184478,2024-11-14 00:00:00 +0000 UTC,2024-11-14 03:45:57,2024-11-14 03:45:57,
75184478,2024-11-15 00:00:00 +0000 UTC,2024-11-15 04:33:14,2024-11-15 04:33:14,
75184478,2024-11-16 00:00:00 +0000 UTC,2024-11-16 07:05:34,2024-11-16 07:05:34,
75184478,2024-11-17 00:00:00 +0000 UTC,2024-11-17 04:10:03,2024-11-17 04:10:03,
75184478,2024-11-18 00:00:00 +0000 UTC,2024-11-18 19:52:42,2024-11-18 19:52:42,
75184478,2024-11-19 00:00:00 +0000 UTC,2024-11-19 10:00:45,2024-11-19 10:00:45,
75184478,2024-11-20 00:00:00 +0000 UTC,2024-11-20 09:04:04,2024-11-20 09:04:04,
75184478,2024-11-21 00:00:00 +0000 UTC,2024-11-21 02:31:46,2024-11-21 02:31:46,
75184478,2024-11-22 00:00:00 +0000 UTC,2024-11-22 15:48:47,2024-11-22 15:48:47,
75184478,2024-11-23 00:00:00 +0000 UTC,2024-11-23 03:26:41,2024-11-23 03:26:41,
75184478,2024-11-24 00:00:00 +0000 UTC,2024-11-24 02:56:27,2024-11-24 02:56:27,
75184478,2024-11-25 00:00:00 +0000 UTC,2024-11-25 10:28:24,2024-11-25 10:28:24,
75184478,2024-11-26 00:00:00 +0000 UTC,2024-11-26 02:10:27,2024-11-26 02:10:27,
75184478,2024-11-27 00:00:00 +0000 UTC,2024-11-27 01:57:58,2024-11-27 01:57:58,
75184478,2024-11-28 00:00:00 +0000 UTC,2024-11-28 10:20:26,2024-11-28 10:20:26,
75184478,2024-11-29 00:00:00 +0000 UTC,2024-11-29 03:37:05,2024-11-29 03:37:05,
75184478,2024-11-30 00:00:00 +0000 UTC,2024-11-30 15:29:26,2024-11-30 15:29:26,
75184478,2024-12-01 00:00:00 +0000 UTC,2024-12-01 03:39:46,2024-12-01 03:39:46,
75184478,2024-12-02 00:00:00 +0000 UTC,2024-12-02 04:46:43,2024-12-02 04:46:43,
75184478,2024-12-03 00:00:00 +0000 UTC,2024-12-03 04:35:22,2024-12-03 04:35:22,
75184478,2024-12-04 00:00:00 +0000 UTC,2024-12-04 07:05:27,2024-12-04 07:05:27,
75184478,2024-12-05 00:00:00 +0000 UTC,2024-12-05 12:37:07,2024-12-05 12:37:07,
75184478,2024-12-06 00:00:00 +0000 UTC,2024-12-06 08:05:24,2024-12-06 08:05:24,
75184478,2024-12-07 00:00:00 +0000 UTC,2024-12-07 03:23:06,2024-12-07 03:23:06,
75184478,2024-12-08 00:00:00 +0000 UTC,2024-12-08 04:08:07,2024-12-08 04:08:07,
75184478,2024-12-09 00:00:00 +0000 UTC,2024-12-09 09:17:34,2024-12-09 09:17:34,
75184478,2024-12-10 00:00:00 +0000 UTC,2024-12-10 10:02:58,2024-12-10 10:02:58,
75184478,2024-12-11 00:00:00 +0000 UTC,2024-12-11 03:39:09,2024-12-11 03:39:09,
75184478,2024-12-12 00:00:00 +0000 UTC,2024-12-12 03:44:38,2024-12-12 03:44:38,
75184478,2024-12-13 00:00:00 +0000 UTC,2024-12-13 04:47:39,2024-12-13 04:47:39,
75184478,2024-12-14 00:00:00 +0000 UTC,2024-12-14 03:59:23,2024-12-14 03:59:23,
75184478,2024-12-15 00:00:00 +0000 UTC,2024-12-15 18:08:00,2024-12-15 18:08:00,
75184478,2024-12-16 00:00:00 +0000 UTC,2024-12-16 01:52:10,2024-12-16 01:52:10,
75184478,2024-12-17 00:00:00 +0000 UTC,2024-12-17 15:23:46,2024-12-17 15:23:46,
75184478,2024-12-19 00:00:00 +0000 UTC,2024-12-19 05:39:58,2024-12-19 05:39:58,
75184478,2024-12-20 00:00:00 +0000 UTC,2024-12-20 11:04:17,2024-12-20 11:04:17,
75184478,2024-12-21 00:00:00 +0000 UTC,2024-12-21 04:33:53,2024-12-21 04:33:53,
75184478,2024-12-23 00:00:00 +0000 UTC,2024-12-23 14:11:34,2024-12-23 14:11:34,
75184478,2024-12-24 00:00:00 +0000 UTC,2024-12-24 11:59:46,2024-12-24 11:59:46,
75184478,2024-12-25 00:00:00 +0000 UTC,2024-12-25 12:38:25,2024-12-25 12:38:25,
75184478,2024-12-26 00:00:00 +0000 UTC,2024-12-26 04:12:08,2024-12-26 04:12:08,
75184478,2024-12-27 00:00:00 +0000 UTC,2024-12-27 02:16:46,2024-12-27 02:16:46,
75184478,2024-12-28 00:00:00 +0000 UTC,2024-12-28 03:26:40,2024-12-28 03:26:40,
75184478,2024-12-29 00:00:00 +0000 UTC,2024-12-29 04:41:12,2024-12-29 04:41:12,
75184478,2024-12-30 00:00:00 +0000 UTC,2024-12-30 05:51:06,2024-12-30 05:51:06,
75184478,2024-12-31 00:00:00 +0000 UTC,2024-12-31 04:43:26,2024-12-31 04:43:26,
75184478,2025-01-01 00:00:00 +0000 UTC,2025-01-01 03:29:48,2025-01-01 03:29:48,
75184478,2025-01-02 00:00:00 +0000 UTC,2025-01-02 01:51:06,2025-01-02 01:51:06,
75184478,2025-01-03 00:00:00 +0000 UTC,2025-01-03 09:49:09,2025-01-03 09:49:09,
75184478,2025-01-04 00:00:00 +0000 UTC,2025-01-04 03:15:58,2025-01-04 03:15:58,
75184478,2025-01-05 00:00:00 +0000 UTC,2025-01-05 01:59:25,2025-01-05 01:59:25,
75184478,2025-01-06 00:00:00 +0000 UTC,2025-01-06 10:29:49,2025-01-06 10:29:49,
75184478,2025-01-07 00:00:00 +0000 UTC,2025-01-07 04:36:11,2025-01-07 04:36:11,
75184478,2025-01-09 00:00:00 +0000 UTC,2025-01-09 14:38:41,2025-01-09 14:38:41,
75184478,2025-01-10 00:00:00 +0000 UTC,2025-01-10 13:45:45,2025-01-10 13:45:45,
75184478,2025-01-11 00:00:00 +0000 UTC,2025-01-11 12:43:28,2025-01-11 12:43:28,
75184478,2025-01-12 00:00:00 +0000 UTC,2025-01-12 05:52:42,2025-01-12 05:52:42,
75184478,2025-01-13 00:00:00 +0000 UTC,2025-01-13 07:53:50,2025-01-13 07:53:50,
75184478,2025-01-14 00:00:00 +0000 UTC,2025-01-14 14:44:47,2025-01-14 14:44:47,
75184478,2025-01-15 00:00:00 +0000 UTC,2025-01-15 00:34:49,2025-01-15 00:34:49,
75184478,2025-01-17 00:00:00 +0000 UTC,2025-01-17 00:30:48,2025-01-17 00:30:48,
75184478,2025-01-18 00:00:00 +0000 UTC,2025-01-18 03:11:19,2025-01-18 03:11:19,
75184478,2025-01-19 00:00:00 +0000 UTC,2025-01-19 03:57:34,2025-01-19 03:57:34,
75184478,2025-01-20 00:00:00 +0000 UTC,2025-01-20 07:57:55,2025-01-20 07:57:55,
75184478,2025-01-21 00:00:00 +0000 UTC,2025-01-21 00:57:31,2025-01-21 00:57:31,
75184478,2025-01-22 00:00:00 +0000 UTC,2025-01-22 14:02:44,2025-01-22 14:02:44,
75184478,2025-01-23 00:00:00 +0000 UTC,2025-01-23 12:59:32,2025-01-23 12:59:32,
75184478,2025-01-24 00:00:00 +0000 UTC,2025-01-24 00:35:07,2025-01-24 00:35:07,
75184478,2025-01-25 00:00:00 +0000 UTC,2025-01-25 05:03:20,2025-01-25 05:03:20,
75184478,2025-01-26 00:00:00 +0000 UTC,2025-01-26 07:20:25,2025-01-26 07:20:25,
75184478,2025-01-27 00:00:00 +0000 UTC,2025-01-27 10:42:44,2025-01-27 10:42:44,
75184478,2025-01-28 00:00:00 +0000 UTC,2025-01-28 09:47:04,2025-01-28 09:47:04,
75184478,2025-01-29 00:00:00 +0000 UTC,2025-01-29 03:55:12,2025-01-29 03:55:12,
75184478,2025-01-30 00:00:00 +0000 UTC,2025-01-30 12:43:16,2025-01-30 12:43:16,
75184478,2025-01-31 00:00:00 +0000 UTC,2025-01-31 16:48:39,2025-01-31 16:48:39,
75184478,2025-02-01 00:00:00 +0000 UTC,2025-02-01 03:13:08,2025-02-01 03:13:08,
75184478,2025-02-02 00:00:00 +0000 UTC,2025-02-02 02:19:52,2025-02-02 02:19:52,
75184478,2025-02-04 00:00:00 +0000 UTC,2025-02-04 01:23:02,2025-02-04 01:23:02,
75184478,2025-02-05 00:00:00 +0000 UTC,2025-02-05 11:37:18,2025-02-05 11:37:18,
75184478,2025-02-06 00:00:00 +0000 UTC,2025-02-06 17:10:27,2025-02-06 17:10:27,
75184478,2025-02-07 00:00:00 +0000 UTC,2025-02-07 08:09:36,2025-02-07 08:09:36,
75184478,2025-02-08 00:00:00 +0000 UTC,2025-02-08 03:27:03,2025-02-08 03:27:03,
75184478,2025-02-09 00:00:00 +0000 UTC,2025-02-09 02:38:01,2025-02-09 02:38:01,
75184478,2025-02-10 00:00:00 +0000 UTC,2025-02-10 12:57:50,2025-02-10 12:57:50,
75184478,2025-02-12 00:00:00 +0000 UTC,2025-02-12 20:09:56,2025-02-12 20:09:56,
75184478,2025-02-13 00:00:00 +0000 UTC,2025-02-13 14:48:57,2025-02-13 14:48:57,
75184478,2025-02-15 00:00:00 +0000 UTC,2025-02-15 03:37:01,2025-02-15 03:37:01,
75184478,2025-02-16 00:00:00 +0000 UTC,2025-02-16 06:06:15,2025-02-16 06:06:15,
75184478,2025-02-17 00:00:00 +0000 UTC,2025-02-17 09:38:28,2025-02-17 09:38:28,
75184478,2025-02-18 00:00:00 +0000 UTC,2025-02-18 00:50:54,2025-02-18 00:50:54,
75184478,2025-02-19 00:00:00 +0000 UTC,2025-02-19 06:32:29,2025-02-19 06:32:29,
75184478,2025-02-20 00:00:00 +0000 UTC,2025-02-20 02:14:59,2025-02-20 02:14:59,
75184478,2025-02-21 00:00:00 +0000 UTC,2025-02-21 00:44:39,2025-02-21 00:44:39,
75184478,2025-02-22 00:00:00 +0000 UTC,2025-02-22 04:42:47,2025-02-22 04:42:47,
75184478,2025-02-23 00:00:00 +0000 UTC,2025-02-23 07:45:15,2025-02-23 07:45:15,
75184478,2025-02-24 00:00:00 +0000 UTC,2025-02-24 00:28:50,2025-02-24 00:28:50,
75184478,2025-02-25 00:00:00 +0000 UTC,2025-02-25 03:33:37,2025-02-25 03:33:37,
75184478,2025-02-26 00:00:00 +0000 UTC,2025-02-26 01:05:56,2025-02-26 01:05:56,
75184478,2025-02-27 00:00:00 +0000 UTC,2025-02-27 02:59:00,2025-02-27 02:59:00,
75184478,2025-02-28 00:00:00 +0000 UTC,2025-02-28 22:45:41,2025-02-28 22:45:41,
75184478,2025-03-01 00:00:00 +0000 UTC,2025-03-01 04:10:21,2025-03-01 04:10:21,
75184478,2025-03-02 00:00:00 +0000 UTC,2025-03-02 07:46:20,2025-03-02 07:46:20,
75184478,2025-03-03 00:00:00 +0000 UTC,2025-03-03 03:03:01,2025-03-03 03:03:01,
75184478,2025-03-05 00:00:00 +0000 UTC,2025-03-05 15:42:11,2025-03-05 15:42:11,
75184478,2025-03-06 00:00:00 +0000 UTC,2025-03-06 17:24:44,2025-03-06 17:24:44,
75184478,2025-03-07 00:00:00 +0000 UTC,2025-03-07 12:13:02,2025-03-07 12:13:02,
75184478,2025-03-08 00:00:00 +0000 UTC,2025-03-08 11:46:28,2025-03-08 11:46:28,
75184478,2025-03-09 00:00:00 +0000 UTC,2025-03-09 10:04:06,2025-03-09 10:04:06,
75184478,2025-03-10 00:00:00 +0000 UTC,2025-03-10 03:59:07,2025-03-10 03:59:07,
75184478,2025-03-11 00:00:00 +0000 UTC,2025-03-11 03:11:28,2025-03-11 03:11:28,
75184478,2025-03-12 00:00:00 +0000 UTC,2025-03-12 11:53:37,2025-03-12 11:53:37,
75184478,2025-03-13 00:00:00 +0000 UTC,2025-03-13 05:20:06,2025-03-13 05:20:06,
75184478,2025-03-14 00:00:00 +0000 UTC,2025-03-14 07:30:34,2025-03-14 07:30:34,
75184478,2025-03-15 00:00:00 +0000 UTC,2025-03-15 06:41:09,2025-03-15 06:41:09,
75184478,2025-03-16 00:00:00 +0000 UTC,2025-03-16 02:55:27,2025-03-16 02:55:27,
75184478,2025-03-18 00:00:00 +0000 UTC,2025-03-18 04:00:26,2025-03-18 04:00:26,
75184478,2025-03-19 00:00:00 +0000 UTC,2025-03-19 16:03:33,2025-03-19 16:03:33,
75184478,2025-03-20 00:00:00 +0000 UTC,2025-03-20 11:58:35,2025-03-20 11:58:35,
75184478,2025-03-21 00:00:00 +0000 UTC,2025-03-21 08:04:06,2025-03-21 08:04:06,
75184478,2025-03-22 00:00:00 +0000 UTC,2025-03-22 09:40:08,2025-03-22 09:40:08,
75184478,2025-03-24 00:00:00 +0000 UTC,2025-03-24 10:35:46,2025-03-24 10:35:46,
75184478,2025-03-25 00:00:00 +0000 UTC,2025-03-25 02:25:17,2025-03-25 02:25:17,
75184478,2025-03-26 00:00:00 +0000 UTC,2025-03-26 14:07:26,2025-03-26 14:07:26,
75184478,2025-03-27 00:00:00 +0000 UTC,2025-03-27 17:10:23,2025-03-27 17:10:23,
75184478,2025-03-28 00:00:00 +0000 UTC,2025-03-28 13:54:08,2025-03-28 13:54:08,
75184478,2025-03-29 00:00:00 +0000 UTC,2025-03-29 16:44:46,2025-03-29 16:44:46,
75184478,2025-03-30 00:00:00 +0000 UTC,2025-03-30 05:31:25,2025-03-30 05:31:25,
75184478,2025-03-31 00:00:00 +0000 UTC,2025-03-31 21:57:02,2025-03-31 21:57:02,
75184478,2025-04-01 00:00:00 +0000 UTC,2025-04-01 06:38:37,2025-04-01 06:38:37,
75184478,2025-04-04 00:00:00 +0000 UTC,2025-04-04 14:39:23,2025-04-04 14:39:23,
75184478,2025-04-05 00:00:00 +0000 UTC,2025-04-05 04:57:09,2025-04-05 04:57:09,
75184478,2025-04-06 00:00:00 +0000 UTC,2025-04-06 09:01:58,2025-04-06 09:01:58,
75184478,2025-04-07 00:00:00 +0000 UTC,2025-04-07 23:50:23,2025-04-07 23:50:23,
75184478,2025-04-08 00:00:00 +0000 UTC,2025-04-08 15:36:06,2025-04-08 15:36:06,
75184478,2025-04-09 00:00:00 +0000 UTC,2025-04-09 14:06:29,2025-04-09 14:06:29,
75184478,2025-04-10 00:00:00 +0000 UTC,2025-04-10 10:24:12,2025-04-10 10:24:12,
75184478,2025-04-11 00:00:00 +0000 UTC,2025-04-11 19:03:26,2025-04-11 19:03:26,
75184478,2025-04-12 00:00:00 +0000 UTC,2025-04-12 04:15:29,2025-04-12 04:15:29,
75184478,2025-04-13 00:00:00 +0000 UTC,2025-04-13 07:54:16,2025-04-13 07:54:16,
75184478,2025-04-14 00:00:00 +0000 UTC,2025-04-14 11:47:02,2025-04-14 11:47:02,
75184478,2025-04-15 00:00:00 +0000 UTC,2025-04-15 03:20:45,2025-04-15 03:20:45,
75184478,2025-04-16 00:00:00 +0000 UTC,2025-04-16 12:26:13,2025-04-16 12:26:13,
75184478,2025-04-18 00:00:00 +0000 UTC,2025-04-18 07:33:15,2025-04-18 07:33:15,
75184478,2025-04-19 00:00:00 +0000 UTC,2025-04-19 05:52:18,2025-04-19 05:52:18,
75184478,2025-04-20 00:00:00 +0000 UTC,2025-04-20 07:03:23,2025-04-20 07:03:23,
75184478,2025-04-21 00:00:00 +0000 UTC,2025-04-21 09:05:07,2025-04-21 09:05:07,
75184478,2025-04-22 00:00:00 +0000 UTC,2025-04-22 06:25:54,2025-04-22 06:25:54,
75184478,2025-04-23 00:00:00 +0000 UTC,2025-04-23 03:39:39,2025-04-23 03:39:39,
75184478,2025-04-24 00:00:00 +0000 UTC,2025-04-24 13:25:37,2025-04-24 13:25:37,
75184478,2025-04-25 00:00:00 +0000 UTC,2025-04-25 13:09:55,2025-04-25 13:09:55,
75184478,2025-04-26 00:00:00 +0000 UTC,2025-04-26 07:06:42,2025-04-26 07:06:42,
75184478,2025-04-27 00:00:00 +0000 UTC,2025-04-27 08:37:32,2025-04-27 08:37:32,
75184478,2025-04-28 00:00:00 +0000 UTC,2025-04-28 09:24:22,2025-04-28 09:24:22,
75184478,2025-04-29 00:00:00 +0000 UTC,2025-04-29 07:50:54,2025-04-29 07:50:54,
75184478,2025-04-30 00:00:00 +0000 UTC,2025-04-30 19:20:58,2025-04-30 19:20:58,
75184478,2025-05-01 00:00:00 +0000 UTC,2025-05-01 09:11:51,2025-05-01 09:11:51,
75184478,2025-05-02 00:00:00 +0000 UTC,2025-05-02 06:01:32,2025-05-02 06:01:32,
75184478,2025-05-04 00:00:00 +0000 UTC,2025-05-04 08:59:33,2025-05-04 08:59:33,
75184478,2025-05-05 00:00:00 +0000 UTC,2025-05-05 12:44:12,2025-05-05 12:44:12,
75184478,2025-05-06 00:00:00 +0000 UTC,2025-05-06 02:55:59,2025-05-06 02:55:59,
75184478,2025-05-07 00:00:00 +0000 UTC,2025-05-07 18:27:47,2025-05-07 18:27:47,
75184478,2025-05-08 00:00:00 +0000 UTC,2025-05-08 09:14:52,2025-05-08 09:14:52,
75184478,2025-05-09 00:00:00 +0000 UTC,2025-05-09 07:47:29,2025-05-09 07:47:29,
75184478,2025-05-10 00:00:00 +0000 UTC,2025-05-10 07:58:46,2025-05-10 07:58:46,
75184478,2025-05-11 00:00:00 +0000 UTC,2025-05-11 07:26:54,2025-05-11 07:26:54,
75184478,2025-05-12 00:00:00 +0000 UTC,2025-05-12 06:03:58,2025-05-12 06:03:58,
75184478,2025-05-13 00:00:00 +0000 UTC,2025-05-13 16:41:52,2025-05-13 16:41:52,
75184478,2025-05-15 00:00:00 +0000 UTC,2025-05-15 13:31:42,2025-05-15 13:31:42,
75184478,2025-05-16 00:00:00 +0000 UTC,2025-05-16 10:13:22,2025-05-16 10:13:22,
75184478,2025-05-18 00:00:00 +0000 UTC,2025-05-18 14:36:40,2025-05-18 14:36:40,
75184478,2025-05-20 00:00:00 +0000 UTC,2025-05-20 10:45:33,2025-05-20 10:45:33,
75184478,2025-05-21 00:00:00 +0000 UTC,2025-05-21 14:44:34,2025-05-21 14:44:34,
75184478,2025-05-22 00:00:00 +0000 UTC,2025-05-22 07:18:25,2025-05-22 07:18:25,
75184478,2025-05-23 00:00:00 +0000 UTC,2025-05-23 09:09:35,2025-05-23 09:09:35,
75184478,2025-05-24 00:00:00 +0000 UTC,2025-05-24 08:24:29,2025-05-24 08:24:29,
75184478,2025-05-27 00:00:00 +0000 UTC,2025-05-27 09:57:13,2025-05-27 09:57:13,
75184478,2025-05-28 00:00:00 +0000 UTC,2025-05-28 13:56:05,2025-05-28 13:56:05,
75184478,2025-05-29 00:00:00 +0000 UTC,2025-05-29 13:39:38,2025-05-29 13:39:38,
75184478,2025-05-30 00:00:00 +0000 UTC,2025-05-30 09:42:32,2025-05-30 09:42:32,
75184478,2025-05-31 00:00:00 +0000 UTC,2025-05-31 10:42:57,2025-05-31 10:42:57,
75184478,2025-06-03 00:00:00 +0000 UTC,2025-06-03 11:43:45,2025-06-03 11:43:45,
75184478,2025-06-04 00:00:00 +0000 UTC,2025-06-04 18:23:21,2025-06-04 18:23:21,
75184478,2025-06-05 00:00:00 +0000 UTC,2025-06-05 04:02:17,2025-06-05 04:02:17,
75184478,2025-06-06 00:00:00 +0000 UTC,2025-06-06 05:20:50,2025-06-06 05:20:50,
75184478,2025-06-07 00:00:00 +0000 UTC,2025-06-07 09:35:57,2025-06-07 09:35:57,
75184478,2025-06-08 00:00:00 +0000 UTC,2025-06-08 04:12:47,2025-06-08 04:12:47,
75184478,2025-06-09 00:00:00 +0000 UTC,2025-06-09 18:52:21,2025-06-09 18:52:21,
75184478,2025-06-10 00:00:00 +0000 UTC,2025-06-10 15:45:38,2025-06-10 15:45:38,
75184478,2025-06-11 00:00:00 +0000 UTC,2025-06-11 19:01:40,2025-06-11 19:01:40,
75184478,2025-06-13 00:00:00 +0000 UTC,2025-06-13 06:22:10,2025-06-13 06:22:10,
75184478,2025-06-14 00:00:00 +0000 UTC,2025-06-14 11:01:10,2025-06-14 11:01:10,
75184478,2025-06-15 00:00:00 +0000 UTC,2025-06-15 09:08:44,2025-06-15 09:08:44,
75184478,2025-06-16 00:00:00 +0000 UTC,2025-06-16 07:24:44,2025-06-16 07:24:44,
75184478,2025-06-17 00:00:00 +0000 UTC,2025-06-17 08:17:46,2025-06-17 08:17:46,
75184478,2025-06-19 00:00:00 +0000 UTC,2025-06-19 03:02:59,2025-06-19 03:02:59,
75184478,2025-06-20 00:00:00 +0000 UTC,2025-06-20 09:50:32,2025-06-20 09:50:32,
75184478,2025-06-21 00:00:00 +0000 UTC,2025-06-21 12:22:11,2025-06-21 12:22:11,
75184478,2025-06-22 00:00:00 +0000 UTC,2025-06-22 07:00:45,2025-06-22 07:00:45,
75184478,2025-06-24 00:00:00 +0000 UTC,2025-06-24 06:39:29,2025-06-24 06:39:29,
75184478,2025-06-25 00:00:00 +0000 UTC,2025-06-25 05:25:15,2025-06-25 05:25:15,
75184478,2025-06-26 00:00:00 +0000 UTC,2025-06-26 03:43:55,2025-06-26 03:43:55,
75184478,2025-06-27 00:00:00 +0000 UTC,2025-06-27 06:53:55,2025-06-27 06:53:55,
75184478,2025-06-28 00:00:00 +0000 UTC,2025-06-28 08:48:21,2025-06-28 08:48:21,
75184478,2025-06-29 00:00:00 +0000 UTC,2025-06-29 09:16:03,2025-06-29 09:16:03,
75184478,2025-06-30 00:00:00 +0000 UTC,2025-06-30 17:16:59,2025-06-30 17:16:59,
75184478,2025-07-01 00:00:00 +0000 UTC,2025-07-01 02:41:29,2025-07-01 02:41:29,
75184478,2025-07-02 00:00:00 +0000 UTC,2025-07-02 10:48:52,2025-07-02 10:48:52,
75184478,2025-07-03 00:00:00 +0000 UTC,2025-07-03 03:47:36,2025-07-03 03:47:36,
75184478,2025-07-04 00:00:00 +0000 UTC,2025-07-04 03:36:45,2025-07-04 03:36:45,
75184478,2025-07-06 00:00:00 +0000 UTC,2025-07-06 02:27:14,2025-07-06 02:27:14,
75184478,2025-07-07 00:00:00 +0000 UTC,2025-07-07 03:01:35,2025-07-07 03:01:35,
75184478,2025-07-08 00:00:00 +0000 UTC,2025-07-08 14:25:43,2025-07-08 14:25:43,
75184478,2025-07-09 00:00:00 +0000 UTC,2025-07-09 14:03:54,2025-07-09 14:03:54,
75184478,2025-07-10 00:00:00 +0000 UTC,2025-07-10 02:48:34,2025-07-10 02:48:34,
75184478,2025-07-12 00:00:00 +0000 UTC,2025-07-12 15:45:35,2025-07-12 15:45:35,
75184478,2025-07-13 00:00:00 +0000 UTC,2025-07-13 05:04:30,2025-07-13 05:04:30,
75184478,2025-07-14 00:00:00 +0000 UTC,2025-07-14 19:43:40,2025-07-14 19:43:40,
75184478,2025-07-16 00:00:00 +0000 UTC,2025-07-16 02:46:15,2025-07-16 02:46:15,
75184478,2025-07-18 00:00:00 +0000 UTC,2025-07-18 00:22:50,2025-07-18 00:22:50,
75184478,2025-07-19 00:00:00 +0000 UTC,2025-07-19 13:49:23,2025-07-19 13:49:23,
75184478,2025-07-20 00:00:00 +0000 UTC,2025-07-20 02:42:41,2025-07-20 02:42:41,
75184478,2025-07-21 00:00:00 +0000 UTC,2025-07-21 14:42:44,2025-07-21 14:42:44,
75184478,2025-07-23 00:00:00 +0000 UTC,2025-07-23 15:43:40,2025-07-23 15:43:40,
75184478,2025-07-24 00:00:00 +0000 UTC,2025-07-24 12:31:42,2025-07-24 12:31:42,
75184478,2025-07-26 00:00:00 +0000 UTC,2025-07-26 04:20:20,2025-07-26 04:20:20,
75184478,2025-07-27 00:00:00 +0000 UTC,2025-07-27 06:32:56,2025-07-27 06:32:56,
75184478,2025-07-28 00:00:00 +0000 UTC,2025-07-28 01:21:59,2025-07-28 01:21:59,
75184478,2025-07-30 00:00:00 +0000 UTC,2025-07-30 17:56:32,2025-07-30 17:56:32,
75184478,2025-08-02 00:00:00 +0000 UTC,2025-08-02 03:26:30,2025-08-02 03:26:30,
75184478,2025-08-03 00:00:00 +0000 UTC,2025-08-03 08:33:18,2025-08-03 08:33:18,
75184478,2025-08-04 00:00:00 +0000 UTC,2025-08-04 02:13:20,2025-08-04 02:13:20,
75184478,2025-08-06 00:00:00 +0000 UTC,2025-08-06 11:11:40,2025-08-06 11:11:40,
75184478,2025-08-07 00:00:00 +0000 UTC,2025-08-07 14:48:20,2025-08-07 14:48:20,
75184478,2025-08-08 00:00:00 +0000 UTC,2025-08-08 03:04:15,2025-08-08 03:04:15,
75184478,2025-08-09 00:00:00 +0000 UTC,2025-08-09 05:34:08,2025-08-09 05:34:08,
75184478,2025-08-10 00:00:00 +0000 UTC,2025-08-10 04:09:02,2025-08-10 04:09:02,
75184478,2025-08-11 00:00:00 +0000 UTC,2025-08-11 08:21:46,2025-08-11 08:21:46,
75184478,2025-08-12 00:00:00 +0000 UTC,2025-08-12 04:25:41,2025-08-12 04:25:41,
75184478,2025-08-13 00:00:00 +0000 UTC,2025-08-13 03:12:15,2025-08-13 03:12:15,
75184478,2025-08-14 00:00:00 +0000 UTC,2025-08-14 04:25:44,2025-08-14 04:25:44,
75184478,2025-08-15 00:00:00 +0000 UTC,2025-08-15 04:54:29,2025-08-15 04:54:29,
75184478,2025-08-16 00:00:00 +0000 UTC,2025-08-16 15:53:56,2025-08-16 15:53:56,
75184478,2025-08-17 00:00:00 +0000 UTC,2025-08-17 07:11:25,2025-08-17 07:11:25,
75184478,2025-08-18 00:00:00 +0000 UTC,2025-08-18 19:05:16,2025-08-18 19:05:16,
75184478,2025-08-21 00:00:00 +0000 UTC,2025-08-21 17:04:57,2025-08-21 17:04:57,
75184478,2025-08-22 00:00:00 +0000 UTC,2025-08-22 15:55:27,2025-08-22 15:55:27,
75184478,2025-08-23 00:00:00 +0000 UTC,2025-08-23 05:23:59,2025-08-23 05:23:59,
75184478,2025-08-24 00:00:00 +0000 UTC,2025-08-24 04:05:34,2025-08-24 04:05:34,
75184478,2025-08-25 00:00:00 +0000 UTC,2025-08-25 17:44:40,2025-08-25 17:44:40,
75184478,2025-08-26 00:00:00 +0000 UTC,2025-08-26 14:08:44,2025-08-26 14:08:44,
75184478,2025-08-27 00:00:00 +0000 UTC,2025-08-27 08:46:05,2025-08-27 08:46:05,
75184478,2025-08-28 00:00:00 +0000 UTC,2025-08-28 12:22:26,2025-08-28 12:22:26,
75184478,2025-08-29 00:00:00 +0000 UTC,2025-08-29 10:50:18,2025-08-29 10:50:18,
75184478,2025-08-31 00:00:00 +0000 UTC,2025-08-31 13:41:12,2025-08-31 13:41:12,
75184478,2025-09-01 00:00:00 +0000 UTC,2025-09-01 07:59:33,2025-09-01 07:59:33,
75184478,2025-09-02 00:00:00 +0000 UTC,2025-09-02 16:06:42,2025-09-02 16:06:42,
75184478,2025-09-03 00:00:00 +0000 UTC,2025-09-03 10:52:50,2025-09-03 10:52:50,
75184478,2025-09-04 00:00:00 +0000 UTC,2025-09-04 09:48:40,2025-09-04 09:48:40,
75184478,2025-09-05 00:00:00 +0000 UTC,2025-09-05 13:15:15,2025-09-05 13:15:15,
75184478,2025-09-06 00:00:00 +0000 UTC,2025-09-06 07:28:02,2025-09-06 07:28:02,
75184478,2025-09-07 00:00:00 +0000 UTC,2025-09-07 17:38:58,2025-09-07 17:38:58,
75184478,2025-09-08 00:00:00 +0000 UTC,2025-09-08 13:45:34,2025-09-08 13:45:34,
75184478,2025-09-09 00:00:00 +0000 UTC,2025-09-09 04:11:56,2025-09-09 04:11:56,
75184478,2025-09-10 00:00:00 +0000 UTC,2025-09-10 13:48:06,2025-09-10 13:48:06,
75184478,2025-09-11 00:00:00 +0000 UTC,2025-09-11 05:33:38,2025-09-11 05:33:38,
75184478,2025-09-14 00:00:00 +0000 UTC,2025-09-14 11:14:13,2025-09-14 11:14:13,
75184478,2025-09-15 00:00:00 +0000 UTC,2025-09-15 02:53:17,2025-09-15 02:53:17,
75184478,2025-09-17 00:00:00 +0000 UTC,2025-09-17 10:55:39,2025-09-17 10:55:39,
75184478,2025-09-19 00:00:00 +0000 UTC,2025-09-19 14:06:52,2025-09-19 14:06:52,
75184478,2025-09-21 00:00:00 +0000 UTC,2025-09-21 03:24:54,2025-09-21 03:24:54,
75184478,2025-09-22 00:00:00 +0000 UTC,2025-09-22 17:20:55,2025-09-22 17:20:55,
75184478,2025-09-24 00:00:00 +0000 UTC,2025-09-24 03:10:08,2025-09-24 03:10:08,
75184478,2025-09-25 00:00:00 +0000 UTC,2025-09-25 12:13:30,2025-09-25 12:13:30,
75184478,2025-09-26 00:00:00 +0000 UTC,2025-09-26 12:36:59,2025-09-26 12:36:59,
75184478,2025-09-27 00:00:00 +0000 UTC,2025-09-27 02:27:52,2025-09-27 02:27:52,
75184478,2025-09-28 00:00:00 +0000 UTC,2025-09-28 10:28:59,2025-09-28 10:28:59,
75184478,2025-09-29 00:00:00 +0000 UTC,2025-09-29 04:59:47,2025-09-29 04:59:47,
75184478,2025-09-30 00:00:00 +0000 UTC,2025-09-30 13:11:17,2025-09-30 13:11:17,
75184478,2025-10-01 00:00:00 +0000 UTC,2025-10-01 03:10:53,2025-10-01 03:10:53,
75184478,2025-10-02 00:00:00 +0000 UTC,2025-10-02 04:50:35,2025-10-02 04:50:35,
75184478,2025-10-03 00:00:00 +0000 UTC,2025-10-03 14:53:17,2025-10-03 14:53:17,
75184478,2025-10-05 00:00:00 +0000 UTC,2025-10-05 06:03:13,2025-10-05 06:03:13,
75184478,2025-10-06 00:00:00 +0000 UTC,2025-10-06 14:21:22,2025-10-06 14:21:22,
75184478,2025-10-08 00:00:00 +0000 UTC,2025-10-08 17:02:51,2025-10-08 17:02:51,
75184478,2025-10-09 00:00:00 +0000 UTC,2025-10-09 13:07:59,2025-10-09 13:07:59,
75184478,2025-10-10 00:00:00 +0000 UTC,2025-10-10 13:06:45,2025-10-10 13:06:45,
75184478,2025-10-11 00:00:00 +0000 UTC,2025-10-11 08:08:40,2025-10-11 08:08:40,
75184478,2025-10-12 00:00:00 +0000 UTC,2025-10-12 05:24:41,2025-10-12 05:24:41,
75184478,2025-10-13 00:00:00 +0000 UTC,2025-10-13 18:13:07,2025-10-13 18:13:07,
75184478,2025-10-14 00:00:00 +0000 UTC,2025-10-14 12:24:02,2025-10-14 12:24:02,
75184478,2025-10-16 00:00:00 +0000 UTC,2025-10-16 09:55:00,2025-10-16 09:55:00,
75184478,2025-10-17 00:00:00 +0000 UTC,2025-10-17 16:22:20,2025-10-17 16:22:20,
75184478,2025-10-18 00:00:00 +0000 UTC,2025-10-18 03:00:53,2025-10-18 03:00:53,
75184478,2025-10-19 00:00:00 +0000 UTC,2025-10-19 07:04:52,2025-10-19 07:04:52,
75184478,2025-10-20 00:00:00 +0000 UTC,2025-10-20 03:25:45,2025-10-20 03:25:45,
75184478,2025-10-21 00:00:00 +0000 UTC,2025-10-21 07:53:38,2025-10-21 07:53:38,
75184478,2025-10-22 00:00:00 +0000 UTC,2025-10-22 02:15:13,2025-10-22 02:15:13,
75184478,2025-10-23 00:00:00 +0000 UTC,2025-10-23 03:12:15,2025-10-23 03:12:15,
75184478,2025-10-24 00:00:00 +0000 UTC,2025-10-24 17:22:03,2025-10-24 17:22:03,
75184478,2025-10-25 00:00:00 +0000 UTC,2025-10-25 04:26:58,2025-10-25 04:26:58,
75184478,2025-10-26 00:00:00 +0000 UTC,2025-10-26 03:33:36,2025-10-26 03:33:36,
75184478,2025-10-27 00:00:00 +0000 UTC,2025-10-27 04:20:41,2025-10-27 04:20:41,
75184478,2025-10-28 00:00:00 +0000 UTC,2025-10-28 11:29:25,2025-10-28 11:29:25,
75184478,2025-10-29 00:00:00 +0000 UTC,2025-10-29 02:44:10,2025-10-29 02:44:10,
75184478,2025-10-30 00:00:00 +0000 UTC,2025-10-30 06:21:22,2025-10-30 06:21:22,
75184478,2025-10-31 00:00:00 +0000 UTC,2025-10-31 14:50:45,2025-10-31 14:50:45,
75184478,2025-11-01 00:00:00 +0000 UTC,2025-11-01 07:18:40,2025-11-01 07:18:40,
75184478,2025-11-04 00:00:00 +0000 UTC,2025-11-04 16:46:42,2025-11-04 16:46:42,
75184478,2025-11-05 00:00:00 +0000 UTC,2025-11-05 18:30:12,2025-11-05 18:30:12,
75184478,2025-11-06 00:00:00 +0000 UTC,2025-11-06 09:07:50,2025-11-06 09:07:50,
75184478,2025-11-07 00:00:00 +0000 UTC,2025-11-07 03:10:41,2025-11-07 03:10:41,
75184478,2025-11-08 00:00:00 +0000 UTC,2025-11-08 07:01:19,2025-11-08 07:01:19,
75184478,2025-11-10 00:00:00 +0000 UTC,2025-11-10 08:31:57,2025-11-10 08:31:57,
75184478,2025-11-11 00:00:00 +0000 UTC,2025-11-11 16:31:46,2025-11-11 16:31:46,
75184478,2025-11-12 00:00:00 +0000 UTC,2025-11-12 02:34:32,2025-11-12 02:34:32,
75184478,2025-11-16 00:00:00 +0000 UTC,2025-11-16 06:43:39,2025-11-16 06:43:39,
75184478,2025-11-17 00:00:00 +0000 UTC,2025-11-17 02:34:21,2025-11-17 02:34:21,
75184478,2025-11-19 00:00:00 +0000 UTC,2025-11-19 07:03:09,2025-11-19 07:03:09,
75184478,2025-11-20 00:00:00 +0000 UTC,2025-11-20 08:44:37,2025-11-20 08:44:37,
75184478,2025-11-21 00:00:00 +0000 UTC,2025-11-21 05:46:28,2025-11-21 05:46:28,
75184478,2025-11-22 00:00:00 +0000 UTC,2025-11-22 09:35:53,2025-11-22 09:35:53,
75184478,2025-11-23 00:00:00 +0000 UTC,2025-11-23 05:18:09,2025-11-23 05:18:09,
75184478,2025-11-25 00:00:00 +0000 UTC,2025-11-25 13:03:41,2025-11-25 13:03:41,
75184478,2025-11-26 00:00:00 +0000 UTC,2025-11-26 04:30:48,2025-11-26 04:30:48,
75184478,2025-11-27 00:00:00 +0000 UTC,2025-11-27 14:49:12,2025-11-27 14:49:12,
75184478,2025-11-28 00:00:00 +0000 UTC,2025-11-28 17:30:15,2025-11-28 17:30:15,
75184478,2025-11-29 00:00:00 +0000 UTC,2025-11-29 02:40:12,2025-11-29 02:40:12,
75184478,2025-11-30 00:00:00 +0000 UTC,2025-11-30 13:20:27,2025-11-30 13:20:27,
75184478,2025-12-02 00:00:00 +0000 UTC,2025-12-02 19:52:21,2025-12-02 19:52:21,
75184478,2025-12-03 00:00:00 +0000 UTC,2025-12-03 09:56:40,2025-12-03 09:56:40,
75184478,2025-12-05 00:00:00 +0000 UTC,2025-12-05 10:42:36,2025-12-05 10:42:36,
75184478,2025-12-06 00:00:00 +0000 UTC,2025-12-06 09:49:45,2025-12-06 09:49:45,
75184478,2025-12-07 00:00:00 +0000 UTC,2025-12-07 09:47:31,2025-12-07 09:47:31,
75184478,2025-12-08 00:00:00 +0000 UTC,2025-12-08 04:12:59,2025-12-08 04:12:59,
75184478,2025-12-09 00:00:00 +0000 UTC,2025-12-09 12:29:56,2025-12-09 12:29:56,
75184478,2025-12-10 00:00:00 +0000 UTC,2025-12-10 03:42:14,2025-12-10 03:42:14,
75184478,2025-12-11 00:00:00 +0000 UTC,2025-12-11 12:34:48,2025-12-11 12:34:48,
75184478,2025-12-12 00:00:00 +0000 UTC,2025-12-12 04:04:58,2025-12-12 04:04:58,
75184478,2025-12-13 00:00:00 +0000 UTC,2025-12-13 06:51:21,2025-12-13 06:51:21,
75184478,2025-12-14 00:00:00 +0000 UTC,2025-12-14 09:25:47,2025-12-14 09:25:47,
75184478,2025-12-15 00:00:00 +0000 UTC,2025-12-15 02:25:08,2025-12-15 02:25:08,
75184478,2025-12-16 00:00:00 +0000 UTC,2025-12-16 04:35:22,2025-12-16 04:35:22,
75184478,2025-12-18 00:00:00 +0000 UTC,2025-12-18 14:58:44,2025-12-18 14:58:44,
75184478,2025-12-19 00:00:00 +0000 UTC,2025-12-19 07:54:53,2025-12-19 07:54:53,
75184478,2025-12-20 00:00:00 +0000 UTC,2025-12-20 07:10:46,2025-12-20 07:10:46,
75184478,2025-12-21 00:00:00 +0000 UTC,2025-12-21 04:31:08,2025-12-21 04:31:08,
75184478,2025-12-22 00:00:00 +0000 UTC,2025-12-22 07:26:37,2025-12-22 07:26:37,
75184478,2025-12-23 00:00:00 +0000 UTC,2025-12-23 03:52:55,2025-12-23 03:52:55,
75184478,2025-12-24 00:00:00 +0000 UTC,2025-12-24 03:45:19,2025-12-24 03:45:19,
75184478,2025-12-25 00:00:00 +0000 UTC,2025-12-25 05:59:32,2025-12-25 05:59:32,
75184478,2025-12-26 00:00:00 +0000 UTC,2025-12-26 05:55:03,2025-12-26 05:55:03,
75184478,2025-12-27 00:00:00 +0000 UTC,2025-12-27 08:56:17,2025-12-27 08:56:17,
75184478,2025-12-28 00:00:00 +0000 UTC,2025-12-28 03:47:19,2025-12-28 03:47:19,
75184478,2025-12-29 00:00:00 +0000 UTC,2025-12-29 04:47:18,2025-12-29 04:47:18,
75184478,2025-12-30 00:00:00 +0000 UTC,2025-12-30 03:13:59,2025-12-30 03:13:59,
75184478,2025-12-31 00:00:00 +0000 UTC,2025-12-31 03:41:10,2025-12-31 03:41:10,
75184478,2026-01-01 00:00:00 +0000 UTC,2026-01-01 03:05:38,2026-01-01 03:05:38,
75184478,2026-01-02 00:00:00 +0000 UTC,2026-01-02 11:37:35,2026-01-02 11:37:35,
75184478,2026-01-03 00:00:00 +0000 UTC,2026-01-03 03:05:54,2026-01-03 03:05:54,
75184478,2026-01-04 00:00:00 +0000 UTC,2026-01-04 05:55:12,2026-01-04 05:55:12,
75184478,2026-01-05 00:00:00 +0000 UTC,2026-01-05 05:27:03,2026-01-05 05:27:03,
75184478,2026-01-06 00:00:00 +0000 UTC,2026-01-06 05:21:05,2026-01-06 05:21:05,
75184478,2026-01-07 00:00:00 +0000 UTC,2026-01-07 04:41:37,2026-01-07 04:41:37,
75184478,2026-01-08 00:00:00 +0000 UTC,2026-01-08 04:46:30,2026-01-08 04:46:30,
75184478,2026-01-09 00:00:00 +0000 UTC,2026-01-09 04:05:42,2026-01-09 04:05:42,
75184478,2026-01-10 00:00:00 +0000 UTC,2026-01-10 04:07:31,2026-01-10 04:07:31,
75184478,2026-01-11 00:00:00 +0000 UTC,2026-01-11 03:08:37,2026-01-11 03:08:37,
75184478,2026-01-12 00:00:00 +0000 UTC,2026-01-12 12:41:01,2026-01-12 12:41:01,
75184478,2026-01-13 00:00:00 +0000 UTC,2026-01-13 10:05:03,2026-01-13 10:05:03,
75184478,2026-01-14 00:00:00 +0000 UTC,2026-01-14 12:05:47,2026-01-14 12:05:47,
75184478,2026-01-15 00:00:00 +0000 UTC,2026-01-15 06:15:32,2026-01-15 06:15:32,
75184478,2026-01-16 00:00:00 +0000 UTC,2026-01-16 08:33:47,2026-01-16 08:33:47,
75184478,2026-01-17 00:00:00 +0000 UTC,2026-01-17 05:27:15,2026-01-17 05:27:15,
75184478,2026-01-18 00:00:00 +0000 UTC,2026-01-18 08:59:00,2026-01-18 08:59:00,
75184478,2026-01-19 00:00:00 +0000 UTC,2026-01-19 02:57:58,2026-01-19 02:57:58,
75184478,2026-01-20 00:00:00 +0000 UTC,2026-01-20 12:48:20,2026-01-20 12:48:20,
75184478,2026-01-21 00:00:00 +0000 UTC,2026-01-21 16:32:40,2026-01-21 16:32:40,
75184478,2026-01-22 00:00:00 +0000 UTC,2026-01-22 03:18:39,2026-01-22 03:18:39,
75184478,2026-01-23 00:00:00 +0000 UTC,2026-01-23 13:17:52,2026-01-23 13:17:52,
75184478,2026-01-24 00:00:00 +0000 UTC,2026-01-24 07:12:43,2026-01-24 07:12:43,
75184478,2026-01-25 00:00:00 +0000 UTC,2026-01-25 03:56:12,2026-01-25 03:56:12,
75184478,2026-01-26 00:00:00 +0000 UTC,2026-01-26 07:58:43,2026-01-26 07:58:43,
75184478,2026-01-27 00:00:00 +0000 UTC,2026-01-27 06:57:09,2026-01-27 06:57:09,
75184478,2026-01-28 00:00:00 +0000 UTC,2026-01-28 12:47:01,2026-01-28 12:47:01,
75184478,2026-01-29 00:00:00 +0000 UTC,2026-01-29 13:16:11,2026-01-29 13:16:11,
75184478,2026-01-30 00:00:00 +0000 UTC,2026-01-30 07:59:01,2026-01-30 07:59:01,
75184478,2026-01-31 00:00:00 +0000 UTC,2026-01-31 02:27:18,2026-01-31 02:27:18,
75184478,2026-02-02 00:00:00 +0000 UTC,2026-02-02 15:07:06,2026-02-02 15:07:06,
75184478,2026-02-03 00:00:00 +0000 UTC,2026-02-03 14:36:18,2026-02-03 14:36:18,
75184478,2026-02-05 00:00:00 +0000 UTC,2026-02-05 14:03:52,2026-02-05 14:03:52,
75184478,2026-02-06 00:00:00 +0000 UTC,2026-02-06 15:19:56,2026-02-06 15:19:56,
75184478,2026-02-07 00:00:00 +0000 UTC,2026-02-07 07:11:11,2026-02-07 07:11:11,
75184478,2026-02-08 00:00:00 +0000 UTC,2026-02-08 04:31:57,2026-02-08 04:31:57,
75184478,2026-02-09 00:00:00 +0000 UTC,2026-02-09 14:14:32,2026-02-09 14:14:32,
75184478,2026-02-10 00:00:00 +0000 UTC,2026-02-10 02:58:42,2026-02-10 02:58:42,
75184478,2026-02-11 00:00:00 +0000 UTC,2026-02-11 08:05:26,2026-02-11 08:05:26,
75184478,2026-02-12 00:00:00 +0000 UTC,2026-02-12 12:57:36,2026-02-12 12:57:36,
75184478,2026-02-13 00:00:00 +0000 UTC,2026-02-13 11:59:12,2026-02-13 11:59:12,
75184478,2026-02-14 00:00:00 +0000 UTC,2026-02-14 03:11:18,2026-02-14 03:11:18,
75184478,2026-02-15 00:00:00 +0000 UTC,2026-02-15 05:05:31,2026-02-15 05:05:31,
75184478,2026-02-16 00:00:00 +0000 UTC,2026-02-16 17:20:45,2026-02-16 17:20:45,
75184478,2026-02-17 00:00:00 +0000 UTC,2026-02-17 12:59:39,2026-02-17 12:59:39,
75184478,2026-02-18 00:00:00 +0000 UTC,2026-02-18 07:26:56,2026-02-18 07:26:56,
75184478,2026-02-19 00:00:00 +0000 UTC,2026-02-19 03:30:05,2026-02-19 03:30:05,
75184478,2026-02-20 00:00:00 +0000 UTC,2026-02-20 17:20:05,2026-02-20 17:20:05,
75184478,2026-02-21 00:00:00 +0000 UTC,2026-02-21 02:19:01,2026-02-21 02:19:01,
75184478,2026-02-22 00:00:00 +0000 UTC,2026-02-22 04:51:23,2026-02-22 04:51:23,
75184478,2026-02-23 00:00:00 +0000 UTC,2026-02-23 04:07:46,2026-02-23 04:07:46,
75184478,2026-02-24 00:00:00 +0000 UTC,2026-02-24 12:50:05,2026-02-24 12:50:05,
75184478,2026-02-25 00:00:00 +0000 UTC,2026-02-25 12:22:17,2026-02-25 12:22:17,
75184478,2026-02-26 00:00:00 +0000 UTC,2026-02-26 12:16:45,2026-02-26 12:16:45,
75184478,2026-02-27 00:00:00 +0000 UTC,2026-02-27 10:10:56,2026-02-27 10:10:56,
75184478,2026-02-28 00:00:00 +0000 UTC,2026-02-28 16:29:07,2026-02-28 16:29:07,
75184478,2026-03-01 00:00:00 +0000 UTC,2026-03-01 11:46:39,2026-03-01 11:46:39,
75184478,2026-03-03 00:00:00 +0000 UTC,2026-03-03 08:05:13,2026-03-03 08:05:13,
75184478,2026-03-04 00:00:00 +0000 UTC,2026-03-04 10:15:26,2026-03-04 10:15:26,
75184478,2026-03-05 00:00:00 +0000 UTC,2026-03-05 03:28:29,2026-03-05 03:28:29,
75184478,2026-03-07 00:00:00 +0000 UTC,2026-03-07 04:19:55,2026-03-07 04:19:55,
75184478,2026-03-08 00:00:00 +0000 UTC,2026-03-08 13:21:17,2026-03-08 13:21:17,
75184478,2026-03-14 00:00:00 +0000 UTC,2026-03-14 17:55:39,2026-03-14 17:55:39,
75184478,2026-03-15 00:00:00 +0000 UTC,2026-03-15 10:46:26,2026-03-15 10:46:26,
75184478,2026-03-16 00:00:00 +0000 UTC,2026-03-16 14:56:59,2026-03-16 14:56:59,
75184478,2026-03-17 00:00:00 +0000 UTC,2026-03-17 10:26:08,2026-03-17 10:26:08,
75184478,2026-03-20 00:00:00 +0000 UTC,2026-03-20 13:42:17,2026-03-20 13:42:17,
75184478,2026-03-22 00:00:00 +0000 UTC,2026-03-22 08:48:15,2026-03-22 08:48:15,
75184478,2026-03-23 00:00:00 +0000 UTC,2026-03-23 13:25:47,2026-03-23 13:25:47,
75184478,2026-03-25 00:00:00 +0000 UTC,2026-03-25 10:32:23,2026-03-25 10:32:23,
75184478,2026-03-26 00:00:00 +0000 UTC,2026-03-26 08:22:33,2026-03-26 08:22:33,
75184478,2026-03-28 00:00:00 +0000 UTC,2026-03-28 13:53:00,2026-03-28 13:53:00,
75184478,2026-03-29 00:00:00 +0000 UTC,2026-03-29 06:53:15,2026-03-29 06:53:15,
75184478,2026-03-30 00:00:00 +0000 UTC,2026-03-30 02:08:00,2026-03-30 02:08:00,
75184478,2026-03-31 00:00:00 +0000 UTC,2026-03-31 13:54:18,2026-03-31 13:54:18,
75184478,2026-04-01 00:00:00 +0000 UTC,2026-04-01 14:41:59,2026-04-01 14:41:59,
75184478,2026-04-02 00:00:00 +0000 UTC,2026-04-02 13:52:45,2026-04-02 13:52:45,
75184478,2026-04-03 00:00:00 +0000 UTC,2026-04-03 05:04:47,2026-04-03 05:04:47,
75184478,2026-04-04 00:00:00 +0000 UTC,2026-04-04 04:36:59,2026-04-04 04:36:59,
75184478,2026-04-05 00:00:00 +0000 UTC,2026-04-05 05:46:42,2026-04-05 05:46:42,
75184478,2026-04-06 00:00:00 +0000 UTC,2026-04-06 07:36:31,2026-04-06 07:36:31,
75184478,2026-04-07 00:00:00 +0000 UTC,2026-04-07 16:54:36,2026-04-07 16:54:36,
75184478,2026-04-08 00:00:00 +0000 UTC,2026-04-08 06:19:11,2026-04-08 06:19:11,
75184478,2026-04-09 00:00:00 +0000 UTC,2026-04-09 16:34:21,2026-04-09 16:34:21,
75184478,2026-04-10 00:00:00 +0000 UTC,2026-04-10 00:50:06,2026-04-10 00:50:06,
75184478,2026-04-12 00:00:00 +0000 UTC,2026-04-12 14:01:37,2026-04-12 14:01:37,
75184478,2026-04-13 00:00:00 +0000 UTC,2026-04-13 16:27:13,2026-04-13 16:27:13,
75184478,2026-04-14 00:00:00 +0000 UTC,2026-04-14 07:09:23,2026-04-14 07:09:23,
75184478,2026-04-15 00:00:00 +0000 UTC,2026-04-15 13:57:48,2026-04-15 13:57:48,
75184478,2026-04-16 00:00:00 +0000 UTC,2026-04-16 10:19:04,2026-04-16 10:19:04,
75184478,2026-04-17 00:00:00 +0000 UTC,2026-04-17 06:47:08,2026-04-17 06:47:08,
75184478,2026-04-18 00:00:00 +0000 UTC,2026-04-18 09:30:40,2026-04-18 09:30:40,
75184478,2026-04-19 00:00:00 +0000 UTC,2026-04-19 13:26:43,2026-04-19 13:26:43,
75184478,2026-04-20 00:00:00 +0000 UTC,2026-04-20 16:53:57,2026-04-20 16:53:57,
75184478,2026-04-21 00:00:00 +0000 UTC,2026-04-21 16:57:19,2026-04-21 16:57:19,
75184478,2026-04-23 00:00:00 +0000 UTC,2026-04-23 04:35:10,2026-04-23 04:35:10,
75184478,2026-04-24 00:00:00 +0000 UTC,2026-04-24 04:18:29,2026-04-24 04:18:29,
75184478,2026-04-25 00:00:00 +0000 UTC,2026-04-25 09:28:19,2026-04-25 09:28:19,
75184478,2026-04-26 00:00:00 +0000 UTC,2026-04-26 03:35:04,2026-04-26 03:35:04,
75184478,2026-04-27 00:00:00 +0000 UTC,2026-04-27 13:57:11,2026-04-27 13:57:11,
75184478,2026-04-28 00:00:00 +0000 UTC,2026-04-28 03:04:46,2026-04-28 03:04:46,
75184478,2026-05-03 00:00:00 +0000 UTC,2026-05-03 06:11:46,2026-05-03 06:11:46,
75184478,2026-05-04 00:00:00 +0000 UTC,2026-05-04 09:25:36,2026-05-04 09:25:36,
75184478,2026-05-05 00:00:00 +0000 UTC,2026-05-05 03:26:18,2026-05-05 03:26:18,
75184478,2026-05-07 00:00:00 +0000 UTC,2026-05-07 12:53:27,2026-05-07 12:53:27,
75184478,2026-05-09 00:00:00 +0000 UTC,2026-05-09 04:55:07,2026-05-09 04:55:07,
75184478,2026-05-12 00:00:00 +0000 UTC,2026-05-12 04:00:37,2026-05-12 04:00:37,
75184478,2026-05-16 00:00:00 +0000 UTC,2026-05-16 15:23:54,2026-05-16 15:23:54,
75184478,2026-05-17 00:00:00 +0000 UTC,2026-05-17 05:46:09,2026-05-17 05:46:09,
75184478,2026-05-18 00:00:00 +0000 UTC,2026-05-18 07:01:37,2026-05-18 07:01:37,
75184478,2026-05-19 00:00:00 +0000 UTC,2026-05-19 06:12:00,2026-05-19 06:12:00,
75184478,2026-05-20 00:00:00 +0000 UTC,2026-05-20 09:45:36,2026-05-20 09:45:36,
75184478,2026-05-21 00:00:00 +0000 UTC,2026-05-21 08:04:06,2026-05-21 08:04:06,
75184478,2026-05-22 00:00:00 +0000 UTC,2026-05-22 16:17:11,2026-05-22 16:17:11,
75184478,2026-05-23 00:00:00 +0000 UTC,2026-05-23 05:23:11,2026-05-23 05:23:11,
75184478,2026-05-24 00:00:00 +0000 UTC,2026-05-24 08:01:04,2026-05-24 08:01:04,
75184478,2026-05-26 00:00:00 +0000 UTC,2026-05-26 17:39:36,2026-05-26 17:39:36,
75184478,2026-05-27 00:00:00 +0000 UTC,2026-05-27 07:17:10,2026-05-27 07:17:10,
75184478,2026-05-28 00:00:00 +0000 UTC,2026-05-28 10:01:42,2026-05-28 10:01:42,
75184478,2026-05-29 00:00:00 +0000 UTC,2026-05-29 14:51:18,2026-05-29 14:51:18,
75184478,2026-05-30 00:00:00 +0000 UTC,2026-05-30 07:23:30,2026-05-30 07:23:30,
75184478,2026-06-01 00:00:00 +0000 UTC,2026-06-01 07:10:49,2026-06-01 07:10:49,
75184478,2026-06-02 00:00:00 +0000 UTC,2026-06-02 09:56:07,2026-06-02 09:56:07,
75184478,2026-06-03 00:00:00 +0000 UTC,2026-06-03 05:26:54,2026-06-03 05:26:54,
75184478,2026-06-04 00:00:00 +0000 UTC,2026-06-04 04:44:54,2026-06-04 04:44:54,
75184478,2026-06-05 00:00:00 +0000 UTC,2026-06-05 09:22:25,2026-06-05 09:22:25,
75184478,2026-06-06 00:00:00 +0000 UTC,2026-06-06 08:04:12,2026-06-06 08:04:12,
75184478,2026-06-07 00:00:00 +0000 UTC,2026-06-07 05:09:20,2026-06-07 05:09:20,
75184478,2026-06-08 00:00:00 +0000 UTC,2026-06-08 13:06:11,2026-06-08 13:06:11,
75184478,2026-06-09 00:00:00 +0000 UTC,2026-06-09 09:12:02,2026-06-09 09:12:02,
75184478,2026-06-10 00:00:00 +0000 UTC,2026-06-10 04:12:24,2026-06-10 04:12:24,
75184478,2026-06-11 00:00:00 +0000 UTC,2026-06-11 20:17:59,2026-06-11 20:17:59,
75184478,2026-06-12 00:00:00 +0000 UTC,2026-06-12 06:55:26,2026-06-12 06:55:26,
75184478,2026-06-13 00:00:00 +0000 UTC,2026-06-13 04:57:53,2026-06-13 04:57:53,
75184478,2026-06-14 00:00:00 +0000 UTC,2026-06-14 04:47:16,2026-06-14 04:47:16,
75184478,2026-06-15 00:00:00 +0000 UTC,2026-06-15 04:18:44,2026-06-15 04:18:44,
75184478,2026-06-16 00:00:00 +0000 UTC,2026-06-16 07:38:20,2026-06-16 07:38:20,
75184478,2026-06-17 00:00:00 +0000 UTC,2026-06-17 07:00:54,2026-06-17 07:00:54,
75184478,2026-06-18 00:00:00 +0000 UTC,2026-06-18 05:13:19,2026-06-18 05:13:19,
75184478,2026-06-19 00:00:00 +0000 UTC,2026-06-19 12:02:30,2026-06-19 12:02:30,
75184478,2026-06-20 00:00:00 +0000 UTC,2026-06-20 04:57:28,2026-06-20 04:57:28,
75184478,2026-06-21 00:00:00 +0000 UTC,2026-06-21 03:43:46,2026-06-21 03:43:46,
75184478,2026-06-22 00:00:00 +0000 UTC,2026-06-22 15:38:52,2026-06-22 15:38:52,
75184478,2026-06-23 00:00:00 +0000 UTC,2026-06-23 09:59:27,2026-06-23 09:59:27,
75184478,2026-06-24 00:00:00 +0000 UTC,2026-06-24 02:35:34,2026-06-24 02:35:34,
75184478,2026-06-25 00:00:00 +0000 UTC,2026-06-25 06:20:53,2026-06-25 06:20:53,
75184478,2026-06-26 00:00:00 +0000 UTC,2026-06-26 04:17:15,2026-06-26 04:17:15,
75184478,2026-06-27 00:00:00 +0000 UTC,2026-06-27 03:13:15,2026-06-27 03:13:15,
75184478,2026-06-28 00:00:00 +0000 UTC,2026-06-28 14:43:58,2026-06-28 14:43:58,
75184478,2026-06-30 00:00:00 +0000 UTC,2026-06-30 12:21:03,2026-06-30 12:21:03,
75184478,2026-07-01 00:00:00 +0000 UTC,2026-07-01 04:02:17,2026-07-01 04:02:17,
75184478,2026-07-02 00:00:00 +0000 UTC,2026-07-02 14:02:02,2026-07-02 14:02:02,
75184478,2026-07-03 00:00:00 +0000 UTC,2026-07-03 03:21:24,2026-07-03 03:21:24,
75184478,2026-07-04 00:00:00 +0000 UTC,2026-07-04 15:02:52,2026-07-04 15:02:52,
75184478,2026-07-05 00:00:00 +0000 UTC,2026-07-05 04:34:44,2026-07-05 04:34:44,
